Title,Link,Price,Year,KM Driven,Fuel Type,Transmission,Location,AI Highlights,Price (detail page),KM Driven (detail page),EMI,Fuel Type (detail page),Transmission (detail page),Owner
MG Hector Sharp DCT,https://www.cardekho.com/used-car-details/used-Mg-hector-sharp-dct-cars-Kolkata_ffc47d5d-a9c8-4d6d-a6a4-d30ba3e0f437.htm?adId=29723&adType=41,8.65L,2019,"65,000 kms",Petrol,Automatic,"Ballygunge, Kolkata","AI Expert
GREAT PRICE
1st owner, 65k km — ownership is clean on this Hector.
Read the full verdict before you decide.
Read full report",₹8.65 Lakh,"65,000 km","EMI from ₹21,470/mo",Petrol,Automatic,1st Owner
Maruti Suzuki Alto K10 VXI,https://www.cardekho.com/used-car-details/used-Maruti-alto-k10-vxi-cars-Kolkata_d6c56954-9fcc-4c17-8093-f57f9307debc.htm,2.25L,2017,"35,471 kms",Petrol,Manual,"E.k.t, Kolkata","AI Expert
GREAT PRICE
3 owners, 35k km — papers are clean on this Alto K10.
Comprehensive insurance — valid till July 2027.
Read full report",₹2.25 Lakh,"35,471 km","EMI from ₹6,975/mo",Petrol,Manual,3rd Owner
Honda WR-V i-VTEC VX,https://www.cardekho.com/used-car-details/used-Honda-wr-v-i-vtec-vx-cars-Kolkata_81053a31-d2a9-4f1a-bf74-18d7477ab465.htm,5.91L,2022,"50,467 kms",Petrol,Manual,"Airport Po, Kolkata","AI Expert
GREAT PRICE
1st owner, 50k km — documents look clean on this WR-V.
Comprehensive insurance — valid till April 2027.
Read full report",₹5.91 Lakh,"50,467 km","EMI from ₹14,669/mo",Petrol,Manual,1st Owner
Maruti Suzuki Swift Dzire VXI,https://www.cardekho.com/used-car-details/used-Maruti-swift-dzire-vxi-cars-Kolkata_4a89c039-79c5-42f6-8af8-56dce0f687ad.htm,2.77L,2013,"45,046 kms",Petrol,Manual,"Airport Po, Kolkata","AI Expert
GREAT PRICE
1st owner, 45k km — ownership is clean on this Swift Dzire.
300-point inspection done. Warranty included.
Read full report",₹2.77 Lakh,"45,046 km",,Petrol,Manual,1st Owner
Hyundai Verna SX,https://www.cardekho.com/used-car-details/used-Hyundai-verna-sx-cars-Kolkata_a8631b74-b794-454c-8b15-22648e6db5e6.htm?adId=31023&adType=41,7.99L,2021,"22,000 kms",Petrol,Manual,"Bhowanipore, Kolkata","AI Expert
GREAT PRICE
1st owner, 22k km — history looks solid on this Verna.
Hyundai has a wide service network across India.
Read full report",₹7.99 Lakh,"22,000 km
Below avg","EMI from ₹19,835/mo",Petrol,Manual,1st Owner
Hyundai Creta SX (O) Turbo DCT,https://www.cardekho.com/used-car-details/used-Hyundai-creta-sx-o-turbo-dct-cars-Kolkata_2d089dcf-6d13-466c-af99-64f5197bf386.htm,10.76L,2020,"51,351 kms",Petrol,Automatic,"E.k.t, Kolkata","AI Expert
FAIR PRICE
1st owner, 51k km, insurance flagged — papers are clean on this Creta.
300-point inspection done. Warranty included.
Read full report",₹10.76 Lakh,"51,351 km","EMI from ₹26,707/mo",Petrol,Automatic,1st Owner
Skoda Slavia 1.0 TSI Style,https://www.cardekho.com/used-car-details/used-Skoda-slavia-10-tsi-style-cars-Kolkata_ab3d0383-5adf-4a95-b49c-d62434c5e5b7.htm,9.91L,2023,"18,677 kms",Petrol,Manual,"E.k.t, Kolkata","AI Expert
GREAT PRICE
1st owner, 19k km — papers are clean on this Slavia.
Only 19k km — lower than 88% of similar Slavias on CarDekho.
Read full report",₹9.91 Lakh,"18,677 km
Below avg","EMI from ₹24,597/mo",Petrol,Manual,1st Owner
Toyota Hyryder V AT,https://www.cardekho.com/used-car-details/used-Toyota-hyryder-v-at-cars-Kolkata_f1d0d71f-9d60-4cfe-b14f-c79eb804e7d5.htm,10.08L,2024,"26,999 kms",Petrol,Automatic,"University, Kolkata","AI Expert
BELOW MARKET
1st owner, 27k km — records look solid on this Hyryder.
Only 2 years old — near-new at used-car pricing.
Read full report",₹10.08 Lakh,"26,999 km
Below avg","EMI from ₹25,022/mo",Petrol,Automatic,1st Owner
Maruti Suzuki Ciaz Zeta BSVI,https://www.cardekho.com/used-car-details/used-Maruti-ciaz-zeta-bsvi-cars-Kolkata_ca0da6bb-88e3-4b11-9b63-394a7894dada.htm?adId=32864&adType=41,4L,2021,"70,000 kms",Petrol,Manual,"Regent Park, Kolkata","AI Expert
BELOW MARKET
1st owner, no accident, 70k km — papers are clean on this Ciaz.
₹1.1L below what similar Ciazs sell for.
Read full report",₹4 Lakh,"70,000 km","EMI from ₹9,929/mo",Petrol,Manual,1st Owner
Volkswagen Polo 1.2 MPI Comfortline,https://www.cardekho.com/used-car-details/used-Volkswagen-polo-12-mpi-comfortline-cars-Kolkata_72ec2f1d-68f4-4538-960d-db0567a65fc8.htm,2.50L,2014,"1,10,000 kms",Petrol,Manual,"Kalighat, Kolkata",,₹2.50 Lakh,"1,10,000 km",,Petrol,Manual,1st Owner
Mercedes-Benz A Class A180 CDI,https://www.cardekho.com/used-car-details/used-Mercedes-benz-a-class-a180-cdi-cars-Kolkata_02090b5d-84bd-4b43-be8b-5f670d1af189.htm,10L,2014,"40,000 kms",Diesel,Automatic,"Gobinda Khatick Road, Kolkata",,₹10 Lakh,"40,000 km",,Diesel,Automatic,2nd Owner
Toyota Fortuner 2.8 4WD AT BSIV,https://www.cardekho.com/used-car-details/used-Toyota-fortuner-28-4wd-at-bsiv-cars-Kolkata_7844cecd-3a1a-4233-9dc0-58be23482017.htm,22L,2017,"1,20,000 kms",Diesel,Automatic,"Jodhpur Park, Kolkata",,₹22 Lakh,"1,20,000 km","EMI from ₹68,154/mo",Diesel,Automatic,1st Owner
Maruti Suzuki Eeco 7 Seater STD (O),https://www.cardekho.com/used-car-details/used-Maruti-eeco-7-seater-std-o-cars-Kolkata_d57a6c0f-474d-406b-95cd-ae5484dd49d3.htm,4.50 Lakh,2022,"90,000 km",,,,,₹4.50 Lakh,"90,000 km","EMI from ₹11,170/mo",Petrol,Manual,1st Owner
Mercedes-Benz GL-Class 350 CDI Blue Efficiency,https://www.cardekho.com/used-car-details/used-Mercedes-benz-gl-class-350-cdi-blue-efficiency-cars-Kolkata_c8ac3194-07bb-4adb-ba2a-f564f25f2bee.htm,22 Lakh,2014,"1,03,000 km",,,,,₹22 Lakh,"1,03,000 km",,Diesel,Automatic,1st Owner
Maruti Suzuki Alto 800 LXI,https://www.cardekho.com/used-car-details/used-Maruti-alto-800-lxi-cars-Kolkata_474f95e2-375a-422a-9551-2ae6bfaf363b.htm,2.10 Lakh,2016,"35,925 km",,,,,₹2.10 Lakh,"35,925 km","EMI from ₹9,120/mo",Petrol,Manual,1st Owner
Maruti Suzuki Eeco 5 Seater AC BSIV,https://www.cardekho.com/used-car-details/used-Maruti-eeco-5-seater-ac-bsiv-cars-Kolkata_cc059816-2f4b-447a-963f-306d0db9d39e.htm,2.54 Lakh,2014,"10,000 km",,,,,₹2.54 Lakh,"10,000 km",,Petrol,Manual,1st Owner
Maruti Suzuki Wagon R AMT VXI,https://www.cardekho.com/used-car-details/used-Maruti-wagon-r-amt-vxi-cars-Kolkata_8e2415af-1b0f-4276-8fd1-930e3ce98fdd.htm,2.85 Lakh,2019,"40,000 km",,,,,₹2.85 Lakh,"40,000 km","EMI from ₹7,074/mo",Petrol,Automatic,3rd Owner
Maruti Suzuki Wagon R VXI BS IV,https://www.cardekho.com/used-car-details/used-Maruti-wagon-r-vxi-bs-iv-cars-Kolkata_04bedd44-466a-4ce9-a2a6-d8d1cd135771.htm,2.75L,2018,"52,000 kms",Petrol,Manual,"Garia Bt, Kolkata","AI Expert
BELOW MARKET
1st owner, 52k km — history looks solid on this Wagon R.
Maruti service is available in almost every city and town.
Read full report",₹2.75 Lakh,"52,000 km","EMI from ₹6,826/mo",Petrol,Manual,1st Owner
Maruti Suzuki Swift VXI,https://www.cardekho.com/used-car-details/used-Maruti-swift-vxi-cars-Kolkata_11bc42c7-0883-4903-8509-307aa2c629e8.htm,2.49L,2014,"58,107 kms",Petrol,Manual,"E.k.t, Kolkata","AI Expert
BELOW MARKET
2nd owner, 58k km — papers are clean on this Swift.
300-point inspection done. Warranty included.
Read full report",₹2.49 Lakh,"58,107 km",,Petrol,Manual,2nd Owner
Mahindra XUV300 W8 Opt Diesel,https://www.cardekho.com/used-car-details/used-Mahindra-xuv300-w8-opt-diesel-cars-Kolkata_938b6014-4611-4bff-8a9f-0761d9cc7366.htm,8.19L,2022,"56,445 kms",Diesel,Manual,"Airport Po, Kolkata","AI Expert
FAIR PRICE
1st owner, 56k km, insurance flagged — history looks solid on this XUV300.
Read full report",₹8.19 Lakh,"56,445 km","EMI from ₹20,318/mo",Diesel,Manual,1st Owner
Nissan Magnite Turbo XV BSVI,https://www.cardekho.com/used-car-details/used-Nissan-magnite-turbo-xv-bsvi-cars-Kolkata_a5fdbd4b-d911-40eb-837a-d349650b334b.htm?adId=32804&adType=41,4.99L,2022,"43,000 kms",Petrol,Manual,"J.b.s, Kolkata","AI Expert
BELOW MARKET
1st owner, 43k km — papers are clean on this Magnite.
Nissan Magnite offers a feature-rich cabin for its price segment.
Read full report",₹4.99 Lakh,"43,000 km
Below avg","EMI from ₹12,386/mo",Petrol,Manual,1st Owner
Volkswagen Ameo 1.0 MPI Trendline,https://www.cardekho.com/used-car-details/used-Volkswagen-ameo-10-mpi-trendline-cars-Kolkata_2c2611d9-3ef1-4c2f-84f7-6ac4d0c535e7.htm,3.25L,2018,"45,000 kms",Petrol,Manual,"Garia Bt, Kolkata","AI Expert
GREAT PRICE
1st owner, 45k km — documents are clean on this Ameo.
Simple to run, easy to park.
Read full report",₹3.25 Lakh,"45,000 km
Below avg","EMI from ₹8,067/mo",Petrol,Manual,1st Owner
Kia Syros HTX Plus Opt Turbo DCT,https://www.cardekho.com/used-car-details/used-Kia-syros-htx-plus-opt-turbo-dct-cars-Kolkata_9fc2ee61-0205-4108-94ea-c3d7b9b4c154.htm,13.65L,2025,"10,000 kms",Petrol,Automatic,"Kasba, Kolkata","AI Expert
GREAT PRICE
1st owner, 10k km, verified on this 2025 Kia Syros.
1 year old, only 10k km — near-new in every sense.
Read full report",₹13.65 Lakh,"10,000 km
Below avg","EMI from ₹33,880/mo",Petrol,Automatic,1st Owner
Maruti Suzuki Zen Estilo VXI BSIV,https://www.cardekho.com/used-car-details/used-Maruti-zen-estilo-vxi-bsiv-cars-Kolkata_159faacd-af54-4e4c-b698-9ad8e9f119c1.htm,1.56L,2012,"78,872 kms",Petrol,Manual,"Airport Po, Kolkata","AI Expert
GREAT PRICE
2nd owner, 79k km — papers are clean on this Zen Estilo.
300-point inspection done. Warranty included.
Read full report",₹1.56 Lakh,"78,872 km",,Petrol,Manual,2nd Owner
Mahindra XUV700 AX5 7 Str,https://www.cardekho.com/used-car-details/used-Mahindra-xuv700-ax5-7-str-cars-Kolkata_8a1814af-f437-45c4-8a09-b3962036908f.htm?adId=33049&adType=41,14.50L,2023,"13,000 kms",Petrol,Manual,"Salt Lake City, Kolkata","AI Expert
BELOW MARKET
1st owner, 13k km — records look solid on this XUV700.
Only 13k km — lower than 82% of similar XUV700s on CarDekho.
Read full report",₹14.50 Lakh,"13,000 km
Below avg","EMI from ₹35,990/mo",Petrol,Manual,1st Owner
Volkswagen Jetta 1.4 TSI Comfortline,https://www.cardekho.com/used-car-details/used-Volkswagen-jetta-14-tsi-comfortline-cars-Kolkata_13c6eb58-d3d5-4c39-a3eb-bdec36b2608d.htm,3.75L,2016,"65,000 kms",Petrol,Manual,"Kasba, Kolkata","AI Expert
GREAT PRICE
2nd owner, 65k km — history looks solid on this Jetta.
Registered in October — full year's depreciation benefit for less usage.
Read full report",₹3.75 Lakh,"65,000 km","EMI from ₹16,285/mo",Petrol,Manual,2nd Owner
Maruti Suzuki Vitara Brezza LDi,https://www.cardekho.com/used-car-details/used-Maruti-vitara-brezza-ldi-cars-Kolkata_879c996d-ff70-4d7a-a2ac-33bca9340ee4.htm,3.90L,2019,"1,09,270 kms",Diesel,Manual,"Airport Po, Kolkata","AI Expert
GREAT PRICE
2nd owner, 109k km on this Vitara Brezza — documents look solid.
Comprehensive insurance — valid till June 2027.
Read full report",₹3.90 Lakh,"1,09,270 km","EMI from ₹9,680/mo",Diesel,Manual,2nd Owner
Hyundai i20 Asta 1.2,https://www.cardekho.com/used-car-details/used-Hyundai-i20-asta-12-cars-Kolkata_71264d88-b86d-4307-9385-419ff15cd74c.htm,6.32L,2022,"24,748 kms",Petrol,Manual,"E.k.t, Kolkata","AI Expert
GREAT PRICE
2nd owner, 25k km — key checks pass on this i20.
300-point inspection done. Warranty included.
Read full report",₹6.32 Lakh,"24,748 km
Below avg","EMI from ₹15,687/mo",Petrol,Manual,2nd Owner
Hyundai i20 1.2 Magna Executive,https://www.cardekho.com/used-car-details/used-Hyundai-i20-12-magna-executive-cars-Kolkata_bef2fc87-cae3-4431-82b9-92a92360042d.htm?adId=32584&adType=41,3.75L,2018,"1,14,000 kms",Petrol,Manual,Kolkata,"AI Expert
FAIR PRICE
1st owner, no tampering, 114k km — records look solid on this i20.
Simple to run, easy to park.
Read full report",₹3.75 Lakh,"1,14,000 km","EMI from ₹9,308/mo",Petrol,Manual,1st Owner
Hyundai i10 Asta 1.2 AT with Sunroof,https://www.cardekho.com/used-car-details/used-Hyundai-i10-asta-12-at-with-sunroof-cars-Kolkata_c19568bf-e336-4d22-bad8-d90a79f436d6.htm,7.65L,2023,"19,206 kms",Petrol,Automatic,"University, Kolkata","AI Expert
GREAT PRICE
1st owner, 19k km — papers are clean on this i10.
300-point inspection done. Warranty included.
Read full report",₹7.65 Lakh,"19,206 km
Below avg","EMI from ₹18,984/mo",Petrol,Automatic,1st Owner
Maruti Suzuki Baleno Zeta BSVI,https://www.cardekho.com/used-car-details/used-Maruti-baleno-zeta-bsvi-cars-Kolkata_b2da4cfa-1ea1-4a20-aa28-a1c43e6c540b.htm,5.45L,2022,"43,000 kms",Petrol,Manual,"Rash Behari Avenue, Kolkata","AI Expert
GREAT PRICE
1st owner, 43k km — documents are clean on this Baleno.
Simple to run, easy to park.
Read full report",₹5.45 Lakh,"43,000 km","EMI from ₹13,527/mo",Petrol,Manual,1st Owner
Honda City i VTEC CVT VX,https://www.cardekho.com/used-car-details/used-Honda-city-i-vtec-cvt-vx-cars-Kolkata_21629441-1f58-488f-8bc3-f84d31f744cb.htm,3.50L,2014,"58,000 kms",Petrol,Automatic,"Alipore, Kolkata","AI Expert
BELOW MARKET
2nd owner, 58k km on this City — key checks pass.
Simple to run, easy to park.
Read full report",₹3.50 Lakh,"58,000 km",,Petrol,Automatic,2nd Owner
Kia Sonet HTK Plus,https://www.cardekho.com/used-car-details/used-Kia-sonet-htk-plus-cars-Kolkata_cd0561e5-9d63-4b6c-9f42-304370b2c1fb.htm?adId=32941&adType=41,7.25L,2023,"30,000 kms",Petrol,Manual,"Haltu, Kolkata","AI Expert
GREAT PRICE
1st owner, 30k km — history looks solid on this Sonet.
Simple to run, easy to park.
Read full report",₹7.25 Lakh,"30,000 km
Below avg","EMI from ₹17,995/mo",Petrol,Manual,1st Owner
Maruti Suzuki Alto 800 LXI,https://www.cardekho.com/used-car-details/used-Maruti-alto-800-lxi-cars-Kolkata_474f95e2-375a-422a-9551-2ae6bfaf363b.htm,2.10L,2016,"35,925 kms",Petrol,Manual,"Jairampur, Kolkata","AI Expert
GREAT PRICE
1st owner, 36k km — history looks clean on this Alto 800.
Maruti service is available in almost every city and town.
Read full report",₹2.10 Lakh,"35,925 km","EMI from ₹9,120/mo",Petrol,Manual,1st Owner
Mahindra Bolero Neo N4,https://www.cardekho.com/used-car-details/used-Mahindra-bolero-neo-n4-cars-Kolkata_0753ec62-8788-4eb0-b972-17cb0fe92de2.htm,9L,2024,"10,000 kms",Diesel,Manual,"Purba Sinthee, Kolkata","AI Expert
FAIR PRICE
1st owner, 10k km — records look solid on this Bolero Neo.
Only 2 years old — near-new condition at used-car pricing.
Read full report",₹9 Lakh,"10,000 km
Below avg","EMI from ₹22,339/mo",Diesel,Manual,1st Owner
Maruti Suzuki Brezza Zxi Plus AT DT BSVI,https://www.cardekho.com/used-car-details/used-Maruti-brezza-zxi-plus-at-dt-bsvi-cars-Kolkata_5946e413-f8ff-4409-879f-65c0574f0e45.htm,9.44L,2024,"47,475 kms",Petrol,Automatic,"University, Kolkata","AI Expert
GREAT PRICE
1st owner, 47k km — key checks pass on this Brezza.
Price dropped ₹64k — now at ₹9.4L.
Read full report",₹9.44 Lakh,"47,475 km","EMI from ₹23,441/mo",Petrol,Automatic,1st Owner
Nissan Magnite Turbo XV BSVI,https://www.cardekho.com/used-car-details/used-Nissan-magnite-turbo-xv-bsvi-cars-Kolkata_a5fdbd4b-d911-40eb-837a-d349650b334b.htm?adId=32804&adType=41,4.99L,2022,"43,000 kms",Petrol,Manual,"J.b.s, Kolkata","AI Expert
BELOW MARKET
1st owner, 43k km — papers are clean on this Magnite.
Nissan Magnite offers a feature-rich cabin for its price segment.
Read full report",₹4.99 Lakh,"43,000 km
Below avg","EMI from ₹12,386/mo",Petrol,Manual,1st Owner
Kia Carens Clavis HTX Plus Turbo,https://www.cardekho.com/used-car-details/used-Kia-carens-clavis-htx-plus-turbo-cars-Kolkata_0f3ca38d-f004-465c-89ce-979179f65a04.htm,16L,2025,"10,000 kms",Petrol,Manual,Kolkata,"AI Expert
GREAT PRICE
1st owner, no tampering, 10k km — clean papers on this Carens Clavis.
1 year old, only 10k km — near-new in every sense.
Read full report",₹16 Lakh,"10,000 km
Below avg","EMI from ₹39,713/mo",Petrol,Manual,1st Owner
Mahindra XUV700 AX7 7Str,https://www.cardekho.com/used-car-details/used-Mahindra-xuv700-ax7-7str-cars-Kolkata_9a457bce-12d5-4091-b96d-041ccadbde09.htm,16.97L,2023,"14,000 kms",Petrol,Manual,"Entally, Kolkata","AI Expert
BELOW MARKET
Test drive car — demo unit, history fully traceable.
Simple to run, easy to park.
Read full report",₹16.97 Lakh,"14,000 km
Below avg","EMI from ₹42,120/mo",Petrol,Manual,0th Owner
Hyundai Alcazar Signature 6Str DCT,https://www.cardekho.com/buy-used-car-details/used-Hyundai-alcazar-signature-6str-dct-cars-Kolkata_263f5d58-89f4-4a62-a602-004cb00c5302.htm,14.58L,2023,"37,994 kms",Petrol,Automatic,"E.K.T, Kolkata","AI Expert
GREAT PRICE
1st owner, no accident, 38k km — records look solid on this Alcazar.
300-point inspection done. Warranty included.
Read full report",₹14.58 Lakh,"37,994 km","EMI from ₹36,189/mo",Petrol,Automatic,1st Owner
Maruti Suzuki Celerio X ZXI,https://www.cardekho.com/used-car-details/used-Maruti-celerio-x-zxi-cars-Kolkata_9723019c-79f4-4d29-b49b-f93bc238a034.htm?adId=32162&adType=41,4.05L,2021,"50,000 kms",Petrol,Manual,"Baranagar, Kolkata","AI Expert
GREAT PRICE
1st owner, 50k km — key checks pass on this Celerio X.
Maruti service is available in almost every city and town.
Read full report",₹4.05 Lakh,"50,000 km","EMI from ₹10,053/mo",Petrol,Manual,1st Owner
Citroen C5 Aircross Feel DualTone,https://www.cardekho.com/used-car-details/used-Citroen-c5-aircross-feel-dualtone-cars-Kolkata_0e4e7558-b6b6-4ea7-a658-15ce62e30391.htm,12.55L,2021,"50,000 kms",Diesel,Automatic,"Ballygunge, Kolkata","AI Expert
GREAT PRICE
1st owner, 50k km — ownership is clean on this C5 Aircross.
Citroen service is easy to find.
Read full report",₹12.55 Lakh,"50,000 km","EMI from ₹31,150/mo",Diesel,Automatic,1st Owner
Mercedes-Benz M-Class ML 350 4Matic,https://www.cardekho.com/used-car-details/used-Mercedes-benz-m-class-ml-350-4matic-cars-Kolkata_ca08ee4c-1544-4e22-8208-d7b37761af24.htm,9L,2012,"1,00,000 kms",Diesel,Automatic,"Narendrapur, Kolkata","AI Expert
GREAT PRICE
3rd owner, 100k km — documents look clean on this M-Class.
Simple to run, easy to park.
Read full report",₹9 Lakh,"1,00,000 km",,Diesel,Automatic,3rd Owner
Hyundai Verna SX Opt,https://www.cardekho.com/used-car-details/used-Hyundai-verna-sx-opt-cars-Kolkata_2adc3fd4-f98e-4cb4-b7ec-f4e222ccbb03.htm,9.99L,2024,"45,000 kms",Petrol,Manual,"Bhowanipore, Kolkata","AI Expert
BELOW MARKET
1st owner, 45k km — history looks solid on this Verna.
Only 2 years old — near-new condition at used-car pricing.
Read full report",₹9.99 Lakh,"45,000 km","EMI from ₹24,799/mo",Petrol,Manual,1st Owner
Hyundai Verna SX Opt Turbo,https://www.cardekho.com/used-car-details/used-Hyundai-verna-sx-opt-turbo-cars-Kolkata_f4a04a3b-4bda-4bfa-a87e-25ded4fcaee1.htm?adId=32208&adType=41,12.50L,2023,"39,000 kms",Petrol,Manual,"Ghugudanga, Kolkata","AI Expert
GREAT PRICE
1st owner, no tampering, 39k km — key checks pass on this Verna.
Simple to run, easy to park.
Read full report",₹12.50 Lakh,"39,000 km","EMI from ₹31,026/mo",Petrol,Manual,1st Owner
Maruti Suzuki Celerio ZXI Plus AMT BSVI,https://www.cardekho.com/used-car-details/used-Maruti-celerio-zxi-plus-amt-bsvi-cars-Kolkata_d882e282-40c8-4f20-b6a2-49b679415bcd.htm,4.25L,2022,"49,000 kms",Petrol,Automatic,"Ballygunge, Kolkata","AI Expert
GREAT PRICE
1st owner, 49k km — records look solid on this Celerio.
Maruti service is available in almost every city and .
Read full report",₹4.25 Lakh,"49,000 km","EMI from ₹10,549/mo",Petrol,Automatic,1st Owner
Toyota Innova Crysta 2.4 G 7 STR,https://www.cardekho.com/used-car-details/used-Toyota-innova-crysta-24-g-7-str-cars-Kolkata_7c58d552-9391-42be-bc7c-263bb39bc976.htm,15L,2020,"60,000 kms",Diesel,Manual,Kolkata,"AI Expert
GREAT PRICE
2nd owner, 60k km — key checks pass on this Innova Crysta.
Toyota holds value better than most cars in India — .
Read full report",₹15 Lakh,"60,000 km","EMI from ₹37,231/mo",Diesel,Manual,2nd Owner
Maruti Suzuki Alto 800 LXI,https://www.cardekho.com/used-car-details/used-Maruti-alto-800-lxi-cars-Kolkata_fe17cf57-7366-4d3e-8033-b47761da9fb1.htm,2.51L,2019,"3,000 kms",Petrol,Manual,"Baranagar, Kolkata","AI Expert
BELOW MARKET
1st owner, 3k km — history is traceable on this Alto 800.
Simple to run, easy to park.
Read full report",₹2.51 Lakh,"3,000 km
Below avg","EMI from ₹6,230/mo",Petrol,Manual,1st Owner
Mahindra XUV700 AX5 7 Str BSVI,https://www.cardekho.com/used-car-details/used-Mahindra-xuv700-ax5-7-str-bsvi-cars-Kolkata_43744a0b-5775-4ceb-9174-9d68044130b0.htm?adId=32586&adType=41,11.90L,2022,"32,355 kms",Petrol,Manual,"Salt Lake City, Kolkata","AI Expert
BELOW MARKET
1st owner, 32k km — documents are clean on this XUV700.
₹1.2L below what similar XUV700s sell for.
Read full report",₹11.90 Lakh,"32,355 km
Below avg","EMI from ₹29,536/mo",Petrol,Manual,1st Owner
Hyundai Tucson Signature AT,https://www.cardekho.com/buy-used-car-details/used-Hyundai-tucson-signature-at-cars-Kolkata_66a91fb8-62f3-464b-b25e-3e73ff896714.htm,18.91L,2023,"24,825 kms",Petrol,Automatic,"Airport Po, Kolkata","AI Expert
GREAT PRICE
2nd owner, 25k km — papers look clean on this Tucson.
Only 25k km — lower than 90% of similar Tucsons on CarDekho.
Read full report",₹18.91 Lakh,"24,825 km
Below avg","EMI from ₹46,925/mo",Petrol,Automatic,2nd Owner
Honda City V MT,https://www.cardekho.com/used-car-details/used-Honda-city-v-mt-cars-Kolkata_b4b33655-9644-4630-b36e-de4d30cba79c.htm,6.99L,2022,"50,000 kms",Petrol,Manual,"Kasba, Kolkata","AI Expert
GREAT PRICE
1st owner, 50k km — papers are clean on this City.
Price dropped ₹50k — now at ₹7L.
Read full report",₹6.99 Lakh,"50,000 km","EMI from ₹17,350/mo",Petrol,Manual,1st Owner
Hyundai Grand i10 1.2 Kappa Sportz Option AT,https://www.cardekho.com/used-car-details/used-Hyundai-grand-i10-12-kappa-sportz-option-at-cars-Kolkata_03e4397c-2eea-41ad-b53b-5314d5026261.htm,3.65L,2017,"34,000 kms",Petrol,Automatic,"Kalighat, Kolkata","AI Expert
GREAT PRICE
1st owner, 34k km — documents are clean on this Grand i10.
Comprehensive insurance — valid till March 2027.
Read full report",₹3.65 Lakh,"34,000 km
Below avg","EMI from ₹11,308/mo",Petrol,Automatic,1st Owner
Maruti Suzuki Swift Dzire LDI,https://www.cardekho.com/used-car-details/used-Maruti-swift-dzire-ldi-cars-Kolkata_5763c306-4ef7-4376-8122-d2b3e60e1d84.htm?adId=32988&adType=41,3.25L,2014,"59,000 kms",Diesel,Manual,"Garia Bt, Kolkata","AI Expert
GREAT PRICE
1st owner, 59k km — history looks solid on this Swift Dzire.
Maruti service is available in almost every city and town.
Read full report",₹3.25 Lakh,"59,000 km",,Diesel,Manual,1st Owner
Hyundai i20 1.2 Magna Executive,https://www.cardekho.com/used-car-details/used-Hyundai-i20-12-magna-executive-cars-Kolkata_dd321660-6cb1-4e96-aa0f-bd65389c7d32.htm,4.15L,2018,"20,422 kms",Petrol,Manual,"Airport Po, Kolkata","AI Expert
GREAT PRICE
1st owner, 20k km — ownership and odometer look clean on this i20.
Only 20k km — lower than 88% of similar i20s on CarDekho.
Read full report",₹4.15 Lakh,"20,422 km
Below avg","EMI from ₹10,290/mo",Petrol,Manual,1st Owner
Mahindra KUV 100 NXT G80 K2 Plus 6 Str,https://www.cardekho.com/buy-used-car-details/used-Mahindra-kuv-100-nxt-g80-k2-plus-6-str-cars-Kolkata_331fb149-14f5-49d7-9cbb-8970adf49819.htm,2.57L,2018,"57,106 kms",Petrol,Manual,"E.K.T, Kolkata","AI Expert
BELOW MARKET
2nd owner, 57k km — key checks pass on this KUV 100 NXT.
300-point inspection done. Warranty included.
Read full report",₹2.57 Lakh,"57,106 km","EMI from ₹6,379/mo",Petrol,Manual,2nd Owner
Tata Altroz XZ,https://www.cardekho.com/used-car-details/used-Tata-altroz-xz-cars-Kolkata_045adccb-ee21-420d-8a3f-49c48a2ebd44.htm,5.47L,2022,"83,534 kms",Petrol,Manual,"Airport Po, Kolkata","AI Expert
GREAT PRICE
1st owner, 84k km — records look solid on this Altroz.
300-point inspection done. Warranty included.
Read full report",₹5.47 Lakh,"83,534 km","EMI from ₹13,577/mo",Petrol,Manual,1st Owner
Maruti Suzuki Wagon R VXI BS IV,https://www.cardekho.com/used-car-details/used-Maruti-wagon-r-vxi-bs-iv-cars-Kolkata_0a373650-2ef0-48be-b34b-aa858b12b0f2.htm?adId=33057&adType=41,1.95L,2014,"50,000 kms",Petrol,Manual,"Garia Bt, Kolkata","AI Expert
GREAT PRICE
2nd owner, 50k km on this Wagon R — records look solid.
Simple to run, easy to park.
Read full report",₹1.95 Lakh,"50,000 km",,Petrol,Manual,2nd Owner
Maruti Suzuki Alto K10 2010-2014 VXI,https://www.cardekho.com/used-car-details/used-Maruti-alto-k10-2010-2014-vxi-cars-Kolkata_64d55eb4-8aea-458f-a8b7-45a99a0a98b8.htm,1.85L,2013,"41,814 kms",Petrol,Manual,"Beleghata, Kolkata","AI Expert
GREAT PRICE
1st owner, 42k km — history is traceable on this Alto K10.
Maruti service is available in almost every city and town.
Read full report",₹1.85 Lakh,"41,814 km
Below avg",,Petrol,Manual,1st Owner
Tata Curvv Accomplished Plus A Hyperion,https://www.cardekho.com/used-car-details/used-Tata-curvv-accomplished-plus-a-hyperion-cars-Kolkata_c1113c36-a11c-4c87-9730-381c5db0b7a4.htm,13.75L,2024,"5,600 kms",Petrol,Manual,"Ballygunge, Kolkata","AI Expert
GREAT PRICE
1st owner, 6k km — history looks solid on this Curvv.
2 year old, only 6k km — near-new in every sense.
Read full report",₹13.75 Lakh,"5,600 km
Below avg","EMI from ₹34,128/mo",Petrol,Manual,1st Owner
Maruti Suzuki Wagon R VXI BS IV,https://www.cardekho.com/used-car-details/used-Maruti-wagon-r-vxi-bs-iv-cars-Kolkata_10fd1f05-b63e-4a53-b56d-fd467268ed8c.htm,2.45L,2015,"45,233 kms",Petrol,Manual,"Kalighat, Kolkata","AI Expert
GREAT PRICE
1st owner, 45k km — history looks clear on this Wagon R.
Comprehensive insurance — valid till April 2027.
Read full report",₹2.45 Lakh,"45,233 km","EMI from ₹19,850/mo",Petrol,Manual,1st Owner
Hyundai Santro Sportz BSIV,https://www.cardekho.com/used-car-details/used-Hyundai-santro-sportz-bsiv-cars-Kolkata_47c01548-ce12-44dd-a1b0-2203fe9ad666.htm?adId=32944&adType=41,3.05L,2019,"30,000 kms",Petrol,Manual,"Sector III, Bidhannagar, Kolkata","AI Expert
GREAT PRICE
2nd owner, no accident, 30k km — records look solid on this Santro.
Simple to run, easy to park.
Read full report",₹3.05 Lakh,"30,000 km","EMI from ₹7,571/mo",Petrol,Manual,2nd Owner
Maruti Suzuki Alto 800 LXI,https://www.cardekho.com/used-car-details/used-Maruti-alto-800-lxi-cars-Kolkata_c1446947-02fa-4c68-8e54-96e07884fe04.htm,1.50L,2012,"30,000 kms",Petrol,Manual,Kolkata,"AI Expert
GREAT PRICE
1st owner, 30k km — history is clear on this Alto K10.
Only 30k km — lower than 80% of similar Alto K10s on CarDekho.
Read full report",₹1.50 Lakh,"30,000 km
Below avg",,Petrol,Manual,1st Owner
Ford Ecosport 1.5 Diesel Ambiente BSIV,https://www.cardekho.com/used-car-details/used-Ford-ecosport-15-diesel-ambiente-bsiv-cars-Kolkata_2730b912-c6b1-49ef-9075-9f4458f91f52.htm,3.40L,2017,"47,527 kms",Diesel,Manual,"Kalighat, Kolkata","AI Expert
GREAT PRICE
1st owner, 48k km — ownership is clean on this Ecosport.
Ford exited India in 2021 — verify parts availability first.
Read full report",₹3.40 Lakh,"47,527 km","EMI from ₹10,533/mo",Diesel,Manual,1st Owner
Honda City VX MT,https://www.cardekho.com/buy-used-car-details/used-Honda-city-vx-mt-cars-Kolkata_8940feed-fff3-41f4-9280-5ed0f01d537f.htm,7.76L,2022,"28,431 kms",Petrol,Manual,"Airport Po, Kolkata","AI Expert
GREAT PRICE
1st owner, no accident, 28k km — history looks solid on this City.
300-point inspection done. Warranty included.
Read full report",₹7.76 Lakh,"28,431 km
Below avg","EMI from ₹19,250/mo",Petrol,Manual,1st Owner
Jeep Meridian Limited Opt AT 4x4 BSVI,https://www.cardekho.com/used-car-details/used-Jeep-meridian-limited-opt-at-4x4-bsvi-cars-Kolkata_ef942e41-6366-428e-96e3-421d1385abd4.htm?adId=33119&adType=41,28L,2023,"50,000 kms",Diesel,Automatic,"Elliot Road, Kolkata","AI Expert
FAIR PRICE
2nd owner, 50k km — papers are clean on this Meridian.
Read the full verdict before you decide.
Read full report",₹28 Lakh,"50,000 km","EMI from ₹69,497/mo",Diesel,Automatic,2nd Owner
Maruti Suzuki Swift VXI,https://www.cardekho.com/used-car-details/used-Maruti-swift-vxi-cars-Kolkata_80567d4d-603e-495e-acee-77812b176c04.htm,2.15L,2012,"55,000 kms",Petrol,Manual,"Kalighat, Kolkata","AI Expert
BELOW MARKET
1st owner, 55k km — key checks pass on this Swift.
Simple to run, easy to park.
Read full report",₹2.15 Lakh,"55,000 km",,Petrol,Manual,1st Owner
Jeep Compass 2.0 Limited Opt Diesel BSVI,https://www.cardekho.com/used-car-details/used-Jeep-compass-20-limited-opt-diesel-bsvi-cars-Kolkata_adec372b-7af0-45e3-ac59-1ed2dd8e4c3c.htm,10.50L,2021,"1,15,000 kms",Diesel,Manual,Kolkata,"AI Expert
GREAT PRICE
2nd owner, 115k km, no accident — key checks pass on this Compass.
Jeep Compass brings genuine off-road capability to the SUV space.
Read full report",₹10.50 Lakh,"1,15,000 km","EMI from ₹26,062/mo",Diesel,Manual,2nd Owner
Hyundai Alcazar Platinum 7-Seater Diesel BSVI,https://www.cardekho.com/used-car-details/used-Hyundai-alcazar-platinum-7-seater-diesel-bsvi-cars-Kolkata_6555b506-77df-4823-a23a-0716d06726ab.htm,12L,2021,"70,000 kms",Diesel,Manual,"Ballygunge, Kolkata","AI Expert
GREAT PRICE
2nd owner, 70k km — key checks pass on this Alcazar.
Hyundai has a wide service network across India.
Read full report",₹12 Lakh,"70,000 km","EMI from ₹29,785/mo",Diesel,Manual,2nd Owner
MG Hector Sharp DCT,https://www.cardekho.com/used-car-details/used-Mg-hector-sharp-dct-cars-Kolkata_ffc47d5d-a9c8-4d6d-a6a4-d30ba3e0f437.htm?adId=29723&adType=41,8.65L,2019,"65,000 kms",Petrol,Automatic,"Ballygunge, Kolkata","AI Expert
GREAT PRICE
1st owner, 65k km — ownership is clean on this Hector.
Read the full verdict before you decide.
Read full report",₹8.65 Lakh,"65,000 km","EMI from ₹21,470/mo",Petrol,Automatic,1st Owner
Maruti Suzuki Vitara Brezza LDi,https://www.cardekho.com/used-car-details/used-Maruti-vitara-brezza-ldi-cars-Kolkata_879c996d-ff70-4d7a-a2ac-33bca9340ee4.htm,3.90L,2019,"1,09,270 kms",Diesel,Manual,"Airport Po, Kolkata","AI Expert
GREAT PRICE
2nd owner, 109k km on this Vitara Brezza — documents look solid.
Comprehensive insurance — valid till June 2027.
Read full report",₹3.90 Lakh,"1,09,270 km","EMI from ₹9,680/mo",Diesel,Manual,2nd Owner
Volkswagen Jetta 1.4 TSI Comfortline,https://www.cardekho.com/used-car-details/used-Volkswagen-jetta-14-tsi-comfortline-cars-Kolkata_13c6eb58-d3d5-4c39-a3eb-bdec36b2608d.htm,3.75L,2016,"65,000 kms",Petrol,Manual,"Kasba, Kolkata","AI Expert
GREAT PRICE
2nd owner, 65k km — history looks solid on this Jetta.
Registered in October — full year's depreciation benefit for less usage.
Read full report",₹3.75 Lakh,"65,000 km","EMI from ₹16,285/mo",Petrol,Manual,2nd Owner
Maruti Suzuki Wagon R VXI,https://www.cardekho.com/used-car-details/used-Maruti-wagon-r-vxi-cars-Kolkata_f0b8ebb8-8776-4198-b0e8-f8759b9e1eea.htm,2.79L,2015,"44,094 kms",Petrol,Manual,"Airport Po, Kolkata","AI Expert
GREAT PRICE
1st owner, 44k km — documents are clear on this Wagon R.
Comprehensive insurance — valid till March 2027.
Read full report",₹2.79 Lakh,"44,094 km","EMI from ₹22,605/mo",Petrol,Manual,1st Owner
Maruti Suzuki Alto 800 LXI,https://www.cardekho.com/used-car-details/used-Maruti-alto-800-lxi-cars-Kolkata_20c09643-b9e6-4261-b96d-f55d96cb5bc4.htm?adId=32987&adType=41,2.25L,2018,"44,000 kms",Petrol,Manual,"Garia Bt, Kolkata","AI Expert
GREAT PRICE
1st owner, 44k km — history looks solid on this Alto 800.
Simple to run, easy to park.
Read full report",₹2.25 Lakh,"44,000 km","EMI from ₹5,585/mo",Petrol,Manual,1st Owner
Kia Syros HTX Plus Opt Turbo DCT,https://www.cardekho.com/used-car-details/used-Kia-syros-htx-plus-opt-turbo-dct-cars-Kolkata_9fc2ee61-0205-4108-94ea-c3d7b9b4c154.htm,13.65L,2025,"10,000 kms",Petrol,Automatic,"Kasba, Kolkata","AI Expert
GREAT PRICE
1st owner, 10k km, verified on this 2025 Kia Syros.
1 year old, only 10k km — near-new in every sense.
Read full report",₹13.65 Lakh,"10,000 km
Below avg","EMI from ₹33,880/mo",Petrol,Automatic,1st Owner
Maruti Suzuki Swift VVT VXI,https://www.cardekho.com/used-car-details/used-Maruti-swift-vvt-vxi-cars-Kolkata_950c0d2e-186b-414b-9446-132277b4f93b.htm,2.49L,2014,"45,000 kms",Petrol,Manual,"Bhowanipore, Kolkata","AI Expert
BELOW MARKET
1st owner, 45k km — history is traceable on this Swift.
Maruti service is available in almost every city and town.
Read full report",₹2.49 Lakh,"45,000 km",,Petrol,Manual,1st Owner
Maruti Suzuki Baleno Alpha Diesel,https://www.cardekho.com/used-car-details/used-Maruti-baleno-alpha-diesel-cars-Kolkata_66aac7a6-4d69-463b-8503-f2878c30e3f6.htm,5.67L,2020,"58,720 kms",Diesel,Manual,"E.K.T, Kolkata","AI Expert
GREAT PRICE
1st owner, 59k km — records look solid on this Baleno.
Comprehensive insurance — valid till February 2027.
Read full report",₹5.67 Lakh,"58,720 km","EMI from ₹14,074/mo",Diesel,Manual,1st Owner
Volkswagen Polo Diesel Comfortline 1.2L,https://www.cardekho.com/used-car-details/used-Volkswagen-polo-diesel-comfortline-12l-cars-Kolkata_113d3c37-7fbe-45da-ba12-3e3e3d3b297c.htm?adId=33060&adType=41,2.25L,2014,"53,000 kms",Diesel,Manual,"Garia Bt, Kolkata","AI Expert
BELOW MARKET
1st owner, 53k km — history looks traceable on this Polo.
Simple to run, easy to park.
Read full report",₹2.25 Lakh,"53,000 km",,Diesel,Manual,1st Owner
Mercedes-Benz A Class A180 CDI,https://www.cardekho.com/used-car-details/used-Mercedes-benz-a-class-a180-cdi-cars-Kolkata_02090b5d-84bd-4b43-be8b-5f670d1af189.htm,10L,2014,"40,000 kms",Diesel,Automatic,"Gobinda Khatick Road, Kolkata",,₹10 Lakh,"40,000 km",,Diesel,Automatic,2nd Owner
Volkswagen Polo 1.2 MPI Comfortline,https://www.cardekho.com/used-car-details/used-Volkswagen-polo-12-mpi-comfortline-cars-Kolkata_72ec2f1d-68f4-4538-960d-db0567a65fc8.htm,2.50L,2014,"1,10,000 kms",Petrol,Manual,"Kalighat, Kolkata",,₹2.50 Lakh,"1,10,000 km",,Petrol,Manual,1st Owner
Toyota Fortuner 2.8 4WD AT BSIV,https://www.cardekho.com/used-car-details/used-Toyota-fortuner-28-4wd-at-bsiv-cars-Kolkata_7844cecd-3a1a-4233-9dc0-58be23482017.htm,22L,2017,"1,20,000 kms",Diesel,Automatic,"Jodhpur Park, Kolkata",,₹22 Lakh,"1,20,000 km","EMI from ₹68,154/mo",Diesel,Automatic,1st Owner
Maruti Suzuki Eeco 5 Seater AC BSIV,https://www.cardekho.com/used-car-details/used-Maruti-eeco-5-seater-ac-bsiv-cars-Kolkata_cc059816-2f4b-447a-963f-306d0db9d39e.htm,2.54 Lakh,2014,"10,000 km",,,,,₹2.54 Lakh,"10,000 km",,Petrol,Manual,1st Owner
Maruti Suzuki Alto 800 LXI,https://www.cardekho.com/used-car-details/used-Maruti-alto-800-lxi-cars-Kolkata_474f95e2-375a-422a-9551-2ae6bfaf363b.htm,2.10 Lakh,2016,"35,925 km",,,,,₹2.10 Lakh,"35,925 km","EMI from ₹9,120/mo",Petrol,Manual,1st Owner
Maruti Suzuki Eeco 7 Seater STD (O),https://www.cardekho.com/used-car-details/used-Maruti-eeco-7-seater-std-o-cars-Kolkata_d57a6c0f-474d-406b-95cd-ae5484dd49d3.htm,4.50 Lakh,2022,"90,000 km",,,,,₹4.50 Lakh,"90,000 km","EMI from ₹11,170/mo",Petrol,Manual,1st Owner
Mercedes-Benz GL-Class 350 CDI Blue Efficiency,https://www.cardekho.com/used-car-details/used-Mercedes-benz-gl-class-350-cdi-blue-efficiency-cars-Kolkata_c8ac3194-07bb-4adb-ba2a-f564f25f2bee.htm,22 Lakh,2014,"1,03,000 km",,,,,₹22 Lakh,"1,03,000 km",,Diesel,Automatic,1st Owner
Maruti Suzuki Wagon R AMT VXI,https://www.cardekho.com/used-car-details/used-Maruti-wagon-r-amt-vxi-cars-Kolkata_8e2415af-1b0f-4276-8fd1-930e3ce98fdd.htm,2.85 Lakh,2019,"40,000 km",,,,,₹2.85 Lakh,"40,000 km","EMI from ₹7,074/mo",Petrol,Automatic,3rd Owner
Tata Nexon EV Fearless LR,https://www.cardekho.com/used-car-details/used-Tata-nexon-ev-fearless-lr-cars-Kolkata_55eb1b9a-1e67-421a-ac15-5689d8e0dd48.htm,9.85L,2023,"25,000 kms",Electric,Automatic,"Ghose Bagan, Kolkata","AI Expert
GREAT PRICE
1st owner, 25k km — ownership is clean on this Nexon EV.
Tata EVs have near-zero running costs for daily city use.
Read full report",₹9.85 Lakh,"25,000 km
Below avg","EMI from ₹24,448/mo",Electric,Automatic,1st Owner
Hyundai Venue SX BSVI,https://www.cardekho.com/used-car-details/used-Hyundai-venue-sx-bsvi-cars-Kolkata_fb9ab38e-1a3a-45e5-a4dd-507679c2d723.htm,7.75L,2023,"7,000 kms",Petrol,Manual,"Bhowanipore, Kolkata","AI Expert
BELOW MARKET
1st owner, 7k km — records look solid on this Venue.
Only 7k km — lower than 96% of similar Venues on CarDekho.
Read full report",₹7.75 Lakh,"7,000 km
Below avg","EMI from ₹19,239/mo",Petrol,Manual,1st Owner
Maruti Suzuki Wagon R VXI 1.2,https://www.cardekho.com/used-car-details/used-Maruti-wagon-r-vxi-12-cars-Kolkata_d8c70599-5ad0-4225-b38a-e7f514e40768.htm,2.53L,2016,"72,165 kms",Petrol,Manual,"Airport Po, Kolkata","AI Expert
BELOW MARKET
2nd owner, 72k km — key checks pass on this Wagon R.
Comprehensive insurance — valid till May 2027.
Read full report",₹2.53 Lakh,"72,165 km","EMI from ₹10,987/mo",Petrol,Manual,2nd Owner
Kia Sonet HTK Plus,https://www.cardekho.com/used-car-details/used-Kia-sonet-htk-plus-cars-Kolkata_cd0561e5-9d63-4b6c-9f42-304370b2c1fb.htm?adId=32941&adType=41,7.25L,2023,"30,000 kms",Petrol,Manual,"Haltu, Kolkata","AI Expert
GREAT PRICE
1st owner, 30k km — history looks solid on this Sonet.
Simple to run, easy to park.
Read full report",₹7.25 Lakh,"30,000 km
Below avg","EMI from ₹17,995/mo",Petrol,Manual,1st Owner
Honda New Accord 2.4 M/T,https://www.cardekho.com/used-car-details/used-Honda-new-accord-24-mt-cars-Kolkata_01b44c97-8977-4d18-a6e3-e9158af917b1.htm,2.97L,2012,"49,000 kms",Petrol,Manual,"Sarat Bose Road, Kolkata","AI Expert
GREAT PRICE
1st owner, 49k km — records look solid on this New Accord.
Honda engines are known to last well over high km.
Read full report",₹2.97 Lakh,"49,000 km
Below avg",,Petrol,Manual,1st Owner
Hyundai Creta S BSVI,https://www.cardekho.com/used-car-details/used-Hyundai-creta-s-bsvi-cars-Kolkata_cf33e09f-5b0d-4717-9008-62a9f72d5a8b.htm,7.50L,2021,"50,000 kms",Petrol,Manual,"Kasba, Kolkata","AI Expert
BELOW MARKET
1st owner, 50k km — papers are clean on this Creta.
Hyundai has a wide service network across India.
Read full report",₹7.50 Lakh,"50,000 km","EMI from ₹18,616/mo",Petrol,Manual,1st Owner
Hyundai Verna VTVT 1.6 SX,https://www.cardekho.com/used-car-details/used-Hyundai-verna-vtvt-16-sx-cars-Kolkata_8c0bb3d6-85c2-4bfa-ace5-beaf34de51fb.htm,5.35L,2019,"55,000 kms",Petrol,Manual,"Rash Behari Avenue, Kolkata","AI Expert
BELOW MARKET
1st owner, 55k km — papers are clean on this Verna.
Hyundai has a wide service network across India.
Read full report",₹5.35 Lakh,"55,000 km","EMI from ₹13,279/mo",Petrol,Manual,1st Owner
Hyundai Verna SX,https://www.cardekho.com/used-car-details/used-Hyundai-verna-sx-cars-Kolkata_a8631b74-b794-454c-8b15-22648e6db5e6.htm?adId=31023&adType=41,7.99L,2021,"22,000 kms",Petrol,Manual,"Bhowanipore, Kolkata","AI Expert
GREAT PRICE
1st owner, 22k km — history looks solid on this Verna.
Hyundai has a wide service network across India.
Read full report",₹7.99 Lakh,"22,000 km
Below avg","EMI from ₹19,835/mo",Petrol,Manual,1st Owner
Hyundai Grand i10 Nios Asta,https://www.cardekho.com/used-car-details/used-Hyundai-grand-i10-nios-asta-cars-Kolkata_737c4b8b-d8d2-4f28-bf86-60d1009c822d.htm,5.99L,2024,"16,000 kms",Petrol,Manual,"Ballygunge, Kolkata","AI Expert
BELOW MARKET
1st owner, 16k km — history looks solid on this Grand i10 Nios.
2 year old, only 16k km — near-new in every sense.
Read full report",₹5.99 Lakh,"16,000 km
Below avg","EMI from ₹14,868/mo",Petrol,Manual,1st Owner
Mahindra TUV 300 T8,https://www.cardekho.com/used-car-details/used-Mahindra-tuv-300-t8-cars-Kolkata_ab1db2dd-b332-41c1-b067-86357c67bb31.htm,4.75L,2016,"54,000 kms",Diesel,Manual,"Garia Bt, Kolkata","AI Expert
GREAT PRICE
2nd owner, 54k km on this TUV 300 — documents are clean.
Mahindra SUVs are built for Indian roads — rugged and reliable.
Read full report",₹4.75 Lakh,"54,000 km","EMI from ₹20,627/mo",Diesel,Manual,2nd Owner
Hyundai Creta S Plus Knight,https://www.cardekho.com/used-car-details/used-Hyundai-creta-s-plus-knight-cars-Kolkata_e098b4f2-2c7f-4a4a-9db9-7f3cebabd76d.htm,10.49L,2023,"12,000 kms",Petrol,Manual,"J.b.s, Kolkata","AI Expert
GREAT PRICE
2nd owner, 12k km — papers are clean on this Creta.
Price dropped ₹50k — now at ₹10.5L.
Read full report",₹10.49 Lakh,"12,000 km
Below avg","EMI from ₹26,037/mo",Petrol,Manual,2nd Owner
Volkswagen Polo Diesel Comfortline 1.2L,https://www.cardekho.com/used-car-details/used-Volkswagen-polo-diesel-comfortline-12l-cars-Kolkata_113d3c37-7fbe-45da-ba12-3e3e3d3b297c.htm?adId=33060&adType=41,2.25L,2014,"53,000 kms",Diesel,Manual,"Garia Bt, Kolkata","AI Expert
BELOW MARKET
1st owner, 53k km — history looks traceable on this Polo.
Simple to run, easy to park.
Read full report",₹2.25 Lakh,"53,000 km",,Diesel,Manual,1st Owner
Maruti Suzuki Wagon R VXI,https://www.cardekho.com/used-car-details/used-Maruti-wagon-r-vxi-cars-Kolkata_598499c5-e685-4d2b-ace8-4411fc4ea482.htm,3.09L,2018,"42,603 kms",Petrol,Manual,"E.K.T, Kolkata","AI Expert
GREAT PRICE
1st owner, 43k km — papers are clean on this Wagon R.
300-point inspection done. Warranty included.
Read full report",₹3.09 Lakh,"42,603 km","EMI from ₹7,673/mo",Petrol,Manual,1st Owner
Jeep Meridian Limited Opt AT BSVI,https://www.cardekho.com/used-car-details/used-Jeep-meridian-limited-opt-at-bsvi-cars-Kolkata_7705818a-2df4-4416-9ce9-fa163c46ee7f.htm,20L,2022,"35,000 kms",Diesel,Automatic,"Salt Lake City, Kolkata","AI Expert
BELOW MARKET
1st owner, 35k km, no accident on this Meridian — papers are clean.
₹1.5L below what similar Meridians sell for.
Read full report",₹20 Lakh,"35,000 km
Below avg","EMI from ₹49,641/mo",Diesel,Automatic,1st Owner
Hyundai Venue SX Opt Turbo iMT BSVI,https://www.cardekho.com/used-car-details/used-Hyundai-venue-sx-opt-turbo-imt-bsvi-cars-Kolkata_51f8f814-b24d-4d0d-890d-a182433ebc25.htm,8.25L,2023,"29,000 kms",Petrol,Manual,"Kasba, Kolkata","AI Expert
GREAT PRICE
1st owner, 29k km — history looks solid on this Venue.
Hyundai has a wide service network across India.
Read full report",₹8.25 Lakh,"29,000 km
Below avg","EMI from ₹20,477/mo",Petrol,Manual,1st Owner
Maruti Suzuki Ciaz Zeta BSVI,https://www.cardekho.com/used-car-details/used-Maruti-ciaz-zeta-bsvi-cars-Kolkata_ca0da6bb-88e3-4b11-9b63-394a7894dada.htm?adId=32864&adType=41,4L,2021,"70,000 kms",Petrol,Manual,"Regent Park, Kolkata","AI Expert
BELOW MARKET
1st owner, no accident, 70k km — papers are clean on this Ciaz.
₹1.1L below what similar Ciazs sell for.
Read full report",₹4 Lakh,"70,000 km","EMI from ₹9,929/mo",Petrol,Manual,1st Owner
Maruti Suzuki Swift VXI,https://www.cardekho.com/used-car-details/used-Maruti-swift-vxi-cars-Kolkata_11bc42c7-0883-4903-8509-307aa2c629e8.htm,2.49L,2014,"58,107 kms",Petrol,Manual,"E.K.T, Kolkata","AI Expert
BELOW MARKET
2nd owner, 58k km — papers are clean on this Swift.
300-point inspection done. Warranty included.
Read full report",₹2.49 Lakh,"58,107 km",,Petrol,Manual,2nd Owner
Hyundai Venue SX BSVI,https://www.cardekho.com/used-car-details/used-Hyundai-venue-sx-bsvi-cars-Kolkata_ec70fc42-726f-42c5-9671-07a74c5f08e8.htm,7.25L,2022,"45,000 kms",Petrol,Manual,"Ballygunge, Kolkata","AI Expert
GREAT PRICE
1st owner, 45k km — records look solid on this Venue.
Hyundai has a wide service network across India.
Read full report",₹7.25 Lakh,"45,000 km","EMI from ₹17,995/mo",Petrol,Manual,1st Owner
Maruti Suzuki Baleno Zeta CVT,https://www.cardekho.com/used-car-details/used-Maruti-baleno-zeta-cvt-cars-Kolkata_519cee6f-41e1-4bba-bc1f-e069458e6ace.htm,5.10L,2020,"30,000 kms",Petrol,Automatic,"Unnamed Road, Jodthbhim, Newtown, Kolkata","AI Expert
GREAT PRICE
1st owner, 30k km, no tampering — records look solid on this Baleno.
Maruti service is available in almost every city and town.
Read full report",₹5.10 Lakh,"30,000 km
Below avg","EMI from ₹12,659/mo",Petrol,Automatic,1st Owner
Mercedes-Benz E-Class E200 Edition E,https://www.cardekho.com/used-car-details/used-Mercedes-benz-e-class-e200-edition-e-cars-Kolkata_73cb6908-ec97-4ea7-8c3e-c6ed1bb470eb.htm?adId=32414&adType=41,19.25L,2017,"51,089 kms",Petrol,Automatic,"Salt Lake City, Kolkata","AI Expert
GREAT PRICE
1st owner, 51k km — history is traceable on this E-Class.
Mercedes feel at used-car pricing — badge, cabin, tech.
Read full report",₹19.25 Lakh,"51,089 km","EMI from ₹59,635/mo",Petrol,Automatic,1st Owner
Kia Sonet GTX Plus Turbo iMT BSVI,https://www.cardekho.com/used-car-details/used-Kia-sonet-gtx-plus-turbo-imt-bsvi-cars-Kolkata_465b4af5-cf83-4ee7-9c77-7ae429ae68b2.htm,7.98L,2021,"40,000 kms",Petrol,Manual,"Kasba, Kolkata","AI Expert
GREAT PRICE
1st owner, 40k km — history is traceable on this Sonet.
Kia is known for a feature-rich cabin at a competitive price.
Read full report",₹7.98 Lakh,"40,000 km","EMI from ₹19,807/mo",Petrol,Manual,1st Owner
Hyundai Grand i10 Sportz,https://www.cardekho.com/used-car-details/used-Hyundai-grand-i10-sportz-cars-Kolkata_0fcd3627-ac07-4b37-90d9-959462cc99ad.htm,2.90L,2016,"41,363 kms",Petrol,Manual,"Beleghata, Kolkata","AI Expert
GREAT PRICE
2nd owner, 41k km — key checks pass on this Grand i10.
Hyundai has a wide service network across India.
Read full report",₹2.90 Lakh,"41,363 km
Below avg","EMI from ₹12,594/mo",Petrol,Manual,2nd Owner
Jeep Compass 1.4 Sport BSVI,https://www.cardekho.com/used-car-details/used-Jeep-compass-14-sport-bsvi-cars-Kolkata_99a6d3ed-202d-49bb-a0c4-223c23eea1a9.htm,10.89L,2022,"38,000 kms",Petrol,Manual,"Kalighat, Kolkata","AI Expert
GREAT PRICE
1st owner, 38k km — ownership is clean on this Compass.
Jeep Compass brings genuine off-road capability to the SUV space.
Read full report",₹10.89 Lakh,"38,000 km","EMI from ₹27,030/mo",Petrol,Manual,1st Owner
Volkswagen Polo GT TSI,https://www.cardekho.com/used-car-details/used-Volkswagen-polo-gt-tsi-cars-Kolkata_318977b3-ebde-4f1e-ab77-bde8c48915d6.htm?adId=31241&adType=41,5.50L,2018,"70,000 kms",Petrol,Automatic,"Dakshindari Road, Ghoshpara, Lake Town, Kolkata","AI Expert
FAIR PRICE
3rd owner, 70k km, no tampering on this Polo GT TSI.
Simple to run, easy to park.
Read full report",₹5.50 Lakh,"70,000 km","EMI from ₹13,652/mo",Petrol,Automatic,3rd Owner
Mahindra XUV500 W8 FWD,https://www.cardekho.com/used-car-details/used-Mahindra-xuv500-w8-fwd-cars-Kolkata_26085103-ce92-4ba7-9458-a5ed7f2119da.htm,3.20L,2012,"60,000 kms",Diesel,Manual,"Sarat Bose Road, Kolkata","AI Expert
GREAT PRICE
2nd owner, 60k km — key checks pass on this XUV500.
Price dropped ₹51k — now at ₹3.2L.
Read full report",₹3.20 Lakh,"60,000 km",,Diesel,Manual,2nd Owner
Hyundai Creta SX Diesel AT BSVI,https://www.cardekho.com/buy-used-car-details/used-Hyundai-creta-sx-diesel-at-bsvi-cars-Kolkata_66e39c4e-9dbe-4970-ae7c-06964a30bcb1.htm,10.34L,2021,"94,012 kms",Diesel,Automatic,"University, Kolkata","AI Expert
GREAT PRICE
1st owner, 94k km — history looks solid on this Creta.
Price dropped ₹56k — now at ₹10.3L.
Read full report",₹10.34 Lakh,"94,012 km","EMI from ₹25,665/mo",Diesel,Automatic,1st Owner
Tata Tiago EV XT MR,https://www.cardekho.com/used-car-details/used-Tata-tiago-ev-xt-mr-cars-Kolkata_d1310355-22a4-47d2-9a85-e6d3c368733f.htm,5.90L,2023,"34,000 kms",Electric,Automatic,"Ballygunge, Kolkata","AI Expert
GREAT PRICE
2nd owner, 34k km — records look solid on this Tiago EV.
Tata EVs have near-zero running costs for daily city use.
Read full report",₹5.90 Lakh,"34,000 km
Below avg","EMI from ₹14,644/mo",Electric,Automatic,2nd Owner
Maruti Suzuki Alto 800 LXI,https://www.cardekho.com/used-car-details/used-Maruti-alto-800-lxi-cars-Kolkata_20c09643-b9e6-4261-b96d-f55d96cb5bc4.htm?adId=32987&adType=41,2.25L,2018,"44,000 kms",Petrol,Manual,"Garia Bt, Kolkata","AI Expert
GREAT PRICE
1st owner, 44k km — history looks solid on this Alto 800.
Simple to run, easy to park.
Read full report",₹2.25 Lakh,"44,000 km","EMI from ₹5,585/mo",Petrol,Manual,1st Owner
Hyundai Alcazar Platinum AE Turbo 7Str,https://www.cardekho.com/used-car-details/used-Hyundai-alcazar-platinum-ae-turbo-7str-cars-Kolkata_91235a2b-a2f7-473c-b99a-c037319c08b4.htm,13.55L,2023,"26,064 kms",Petrol,Manual,"E.K.T, Kolkata","AI Expert
GREAT PRICE
1st owner, 26k km — records look solid on this Alcazar.
300-point inspection done. Warranty included.
Read full report",₹13.55 Lakh,"26,064 km
Below avg","EMI from ₹33,632/mo",Petrol,Manual,1st Owner
Maruti Suzuki Ritz LDi,https://www.cardekho.com/buy-used-car-details/used-Maruti-ritz-ldi-cars-Kolkata_0cab603e-cf01-481c-9dd7-6ddeb75ef6ce.htm,2.67L,2014,"43,625 kms",Diesel,Manual,"E.K.T, Kolkata","AI Expert
GREAT PRICE
1st owner, 44k km — records look solid on this Ritz.
300-point inspection done. Warranty included.
Read full report",₹2.67 Lakh,"43,625 km",,Diesel,Manual,1st Owner
Hyundai i10 Magna 1.2,https://www.cardekho.com/used-car-details/used-Hyundai-i10-magna-12-cars-Kolkata_732b393b-b4be-420b-bcd9-70aa7ee48013.htm,1.65L,2012,"57,224 kms",Petrol,Manual,"E.K.T, Kolkata","AI Expert
GREAT PRICE
2nd owner, 57k km, insurance flagged — key checks pass on this i10.
300-point inspection done. Warranty included.
Read full report",₹1.65 Lakh,"57,224 km",,Petrol,Manual,2nd Owner
Kia Seltos GTX Plus Turbo DCT,https://www.cardekho.com/used-car-details/used-Kia-seltos-gtx-plus-turbo-dct-cars-Kolkata_163a4374-fe6a-4f58-aa60-567137cafbe7.htm?adId=30887&adType=41,13.99L,2023,"28,000 kms",Petrol,Automatic,"Kasba, Kolkata","AI Expert
GREAT PRICE
1st owner, 28k km — history is clean on this Seltos.
Kia Seltos holds value well for resale.
Read full report",₹13.99 Lakh,"28,000 km
Below avg","EMI from ₹34,724/mo",Petrol,Automatic,1st Owner
Hyundai Venue SX BSVI,https://www.cardekho.com/used-car-details/used-Hyundai-venue-sx-bsvi-cars-Kolkata_e1023151-06bb-46ca-82ea-f253527c45d6.htm,6.75L,2022,"53,998 kms",Petrol,Manual,"Salt Lake City, Kolkata","AI Expert
BELOW MARKET
1st owner, 54k km — records look solid on this Venue.
Hyundai has a wide service network across India.
Read full report",₹6.75 Lakh,"53,998 km","EMI from ₹16,754/mo",Petrol,Manual,1st Owner
Ford Figo Petrol EXI,https://www.cardekho.com/used-car-details/used-Ford-figo-petrol-exi-cars-Kolkata_86e85231-0d69-41d0-84f4-0a4b123175f1.htm,2.50L,2013,"90,000 kms",Petrol,Manual,"Naktala, Kolkata","AI Expert
ABOVE MARKET
2nd owner, 90k km on this Ford Figo — key checks pass.
Ford exited India in 2021 — verify parts availability first.
Read full report",₹2.50 Lakh,"90,000 km",,Petrol,Manual,2nd Owner
Maruti Suzuki Celerio ZXI Optional,https://www.cardekho.com/used-car-details/used-Maruti-celerio-zxi-optional-cars-Kolkata_fb25f308-1f03-4ade-84ad-de431467ff0f.htm,4.25L,2021,"45,000 kms",Petrol,Manual,"Jadavpur University, Kolkata","AI Expert
GREAT PRICE
1st owner, 45k km — documents are clean on this Celerio.
Maruti service is easy to find.
Read full report",₹4.25 Lakh,"45,000 km","EMI from ₹10,549/mo",Petrol,Manual,1st Owner
Hyundai i20 1.2 Magna Executive,https://www.cardekho.com/used-car-details/used-Hyundai-i20-12-magna-executive-cars-Kolkata_bef2fc87-cae3-4431-82b9-92a92360042d.htm?adId=32584&adType=41,3.75L,2018,"1,14,000 kms",Petrol,Manual,Kolkata,"AI Expert
FAIR PRICE
1st owner, no tampering, 114k km — records look solid on this i20.
Simple to run, easy to park.
Read full report",₹3.75 Lakh,"1,14,000 km","EMI from ₹9,308/mo",Petrol,Manual,1st Owner
Kia Carens Luxury Plus iMT,https://www.cardekho.com/buy-used-car-details/used-Kia-carens-luxury-plus-imt-cars-Kolkata_d1f51fc0-4bc4-4f62-ab61-96a17ce882e8.htm,12.01L,2023,"24,536 kms",Petrol,Manual,"Airport Po, Kolkata","AI Expert
GREAT PRICE
1st owner, no accident, 25k km — records look solid on this Carens.
300-point inspection done. Warranty included.
Read full report",₹12.01 Lakh,"24,536 km
Below avg","EMI from ₹29,804/mo",Petrol,Manual,1st Owner
Honda Elevate ZX Non RF,https://www.cardekho.com/used-car-details/used-Honda-elevate-zx-non-rf-cars-Kolkata_0b96cdf6-09a4-459b-99aa-e20f3cef8ec6.htm,10L,2023,"40,000 kms",Petrol,Manual,"Kasba, Kolkata","AI Expert
BELOW MARKET
1st owner, 40k km — records look solid on this Elevate.
Honda engines are known to last well over high km.
Read full report",₹10 Lakh,"40,000 km","EMI from ₹24,819/mo",Petrol,Manual,1st Owner
Hyundai i20 Active 1.2 S,https://www.cardekho.com/used-car-details/used-Hyundai-i20-active-12-s-cars-Kolkata_e143d461-bb44-4268-83fc-9c1b7390a031.htm,3.99L,2018,"71,000 kms",Petrol,Manual,"Garia Bt, Kolkata","AI Expert
GREAT PRICE
1st owner, 71k km — history looks solid on this i20 Active.
Hyundai has a wide service network across India.
Read full report",₹3.99 Lakh,"71,000 km","EMI from ₹9,904/mo",Petrol,Manual,1st Owner
Toyota Innova Crysta 2.4 VX 8Str,https://www.cardekho.com/used-car-details/used-Toyota-innova-crysta-24-vx-8str-cars-Kolkata_31894da4-7995-4cbb-a143-c738139f803a.htm?adId=32415&adType=41,21.25L,2024,"24,974 kms",Diesel,Manual,"Salt Lake City, Kolkata","AI Expert
GREAT PRICE
1st owner, 25k km — history looks solid on this Innova Crysta.
Only 2 years old — near-new condition at used-car pricing.
Read full report",₹21.25 Lakh,"24,974 km","EMI from ₹52,743/mo",Diesel,Manual,1st Owner
Hyundai Creta SX Tech,https://www.cardekho.com/used-car-details/used-Hyundai-creta-sx-tech-cars-Kolkata_c767a45b-1c3b-4c62-892f-55379837f35c.htm,13.65L,2024,"30,467 kms",Petrol,Manual,"Sarat Bose Road, Kolkata","AI Expert
GREAT PRICE
1st owner, no accident, 30k km — records look solid on this Creta.
Price dropped ₹60k — now at ₹13.7L.
Read full report",₹13.65 Lakh,"30,467 km
Below avg","EMI from ₹33,880/mo",Petrol,Manual,1st Owner
Skoda Slavia 1.0 TSI Style,https://www.cardekho.com/used-car-details/used-Skoda-slavia-10-tsi-style-cars-Kolkata_17c27755-df78-49e4-b6d9-1899a48e266e.htm,9.99L,2023,"8,332 kms",Petrol,Manual,"Airport Po, Kolkata","AI Expert
GREAT PRICE
1st owner, 8k km — history looks solid on this Slavia.
Only 8k km — lower than 94% of similar Slavias on CarDekho.
Read full report",₹9.99 Lakh,"8,332 km
Below avg","EMI from ₹24,796/mo",Petrol,Manual,1st Owner
MG Windsor EV Exclusive,https://www.cardekho.com/used-car-details/used-Mg-windsor-ev-exclusive-cars-Kolkata_32da3ff4-e090-487e-9413-a2a20c4dd716.htm,13.10L,2025,"19,500 kms",Electric,Automatic,"Entally, Kolkata","AI Expert
GREAT PRICE
1st owner, 20k km — documents are clean on this Windsor EV.
1 year old, only 20k km — near-new in every sense.
Read full report",₹13.10 Lakh,"19,500 km
Below avg","EMI from ₹32,515/mo",Electric,Automatic,1st Owner
Jeep Compass 2.0 Limited 4X4,https://www.cardekho.com/used-car-details/used-Jeep-compass-20-limited-4x4-cars-Kolkata_acc9a013-6787-4bd8-9c51-f96295f63d7c.htm?adId=31987&adType=41,7.40L,2018,"48,000 kms",Diesel,Manual,"Middleton Row, Kolkata","AI Expert
GREAT PRICE
2nd owner, 48k km on this Compass — key checks pass.
Simple to run, easy to park.
Read full report",₹7.40 Lakh,"48,000 km","EMI from ₹18,367/mo",Diesel,Manual,2nd Owner
Maruti Suzuki S-Presso VXI Plus 2019-2022,https://www.cardekho.com/used-car-details/used-Maruti-s-presso-vxi-plus-2019-2022-cars-Kolkata_9f8525e2-ba6d-4cf6-a38a-0b3a134546ee.htm,3L,2020,"27,132 kms",Petrol,Manual,"Jadavpur University, Kolkata","AI Expert
BELOW MARKET
1st owner, 27k km — ownership and records look solid on this S-Presso.
One of the lowest running costs of any car in India.
Read full report",₹3 Lakh,"27,132 km
Below avg","EMI from ₹7,447/mo",Petrol,Manual,1st Owner
Hyundai Grand i10 1.2 Kappa Asta,https://www.cardekho.com/used-car-details/used-Hyundai-grand-i10-12-kappa-asta-cars-Kolkata_eb61c91a-e6c3-4e63-8887-c43c562c8619.htm,5.40L,2022,"12,041 kms",Petrol,Manual,"Airport Po, Kolkata","AI Expert
GREAT PRICE
2nd owner, 12k km — papers are clean on this Grand i10.
300-point inspection done. Warranty included.
Read full report",₹5.40 Lakh,"12,041 km
Below avg","EMI from ₹13,393/mo",Petrol,Manual,2nd Owner
Skoda Kushaq 1.5 TSI Ambition DSG DT,https://www.cardekho.com/used-car-details/used-Skoda-kushaq-15-tsi-ambition-dsg-dt-cars-Kolkata_8a74bcbc-f8a8-4759-9170-2cc0cde1c73d.htm,12.75L,2023,"17,000 kms",Petrol,Automatic,"Ballygunge RS, Kolkata","AI Expert
ABOVE MARKET
1st owner, 17k km — history looks solid on this Kushaq.
Skoda service is easy to find.
Read full report",₹12.75 Lakh,"17,000 km
Below avg","EMI from ₹31,646/mo",Petrol,Automatic,1st Owner
Maruti Suzuki S-Presso VXI Plus 2019-2022,https://www.cardekho.com/used-car-details/used-Maruti-s-presso-vxi-plus-2019-2022-cars-Kolkata_5060ccf9-61f3-458a-9843-7abca62c5a89.htm?adId=33175&adType=41,3.25L,2020,"32,000 kms",Petrol,Manual,"Garia Bt, Kolkata","AI Expert
GREAT PRICE
1st owner, 32k km — history is traceable on this S-Presso.
Maruti service is available in almost every .
Read full report",₹3.25 Lakh,"32,000 km","EMI from ₹8,067/mo",Petrol,Manual,1st Owner
Hyundai i20 Sportz BSVI,https://www.cardekho.com/used-car-details/used-Hyundai-i20-sportz-bsvi-cars-Kolkata_4077d391-2e8b-4dfa-97a4-a057f8fd347d.htm,5.10L,2020,"30,000 kms",Petrol,Manual,"Airport, Kolkata","AI Expert
FAIR PRICE
1st owner, 30k km — papers are clean on this i20.
Hyundai has a wide service network across India.
Read full report",₹5.10 Lakh,"30,000 km
Below avg","EMI from ₹12,659/mo",Petrol,Manual,1st Owner
Hyundai Creta SX Diesel BSVI,https://www.cardekho.com/used-car-details/used-Hyundai-creta-sx-diesel-bsvi-cars-Kolkata_7b0de185-08b9-4dc5-9ce1-5fa1415dc0be.htm,10.25L,2022,"55,500 kms",Diesel,Manual,"Bhowanipore, Kolkata","AI Expert
GREAT PRICE
1st owner, 56k km — papers are clean on this Creta.
Simple to run, easy to park.
Read full report",₹10.25 Lakh,"55,500 km","EMI from ₹25,444/mo",Diesel,Manual,1st Owner
Hyundai Creta 1.6 SX Automatic,https://www.cardekho.com/used-car-details/used-Hyundai-creta-16-sx-automatic-cars-Kolkata_074fd3dd-5e68-45bf-bac5-79e5e1ebb5f8.htm,6.98L,2019,"42,000 kms",Petrol,Automatic,"Kasba, Kolkata","AI Expert
GREAT PRICE
1st owner, 42k km — history looks clean on this Creta.
Creta holds resale value well.
Read full report",₹6.98 Lakh,"42,000 km","EMI from ₹17,325/mo",Petrol,Automatic,1st Owner
Maruti Suzuki Swift Dzire ZXI,https://www.cardekho.com/used-car-details/used-Maruti-swift-dzire-zxi-cars-Kolkata_ea70d4b2-ce73-4975-a347-53c7cdd9a769.htm?adId=32800&adType=41,2.99L,2013,"32,000 kms",Petrol,Manual,"J.b.s, Kolkata","AI Expert
BELOW MARKET
1st owner, 32k km — key checks pass on this Swift Dzire.
Price dropped ₹20k — now at ₹3L.
Read full report",₹2.99 Lakh,"32,000 km
Below avg",,Petrol,Manual,1st Owner
Mahindra TUV 300 T8,https://www.cardekho.com/used-car-details/used-Mahindra-tuv-300-t8-cars-Kolkata_ab1db2dd-b332-41c1-b067-86357c67bb31.htm,4.75L,2016,"54,000 kms",Diesel,Manual,"Garia Bt, Kolkata","AI Expert
GREAT PRICE
2nd owner, 54k km on this TUV 300 — documents are clean.
Mahindra SUVs are built for Indian roads — rugged and reliable.
Read full report",₹4.75 Lakh,"54,000 km","EMI from ₹20,627/mo",Diesel,Manual,2nd Owner
Toyota Rumion S,https://www.cardekho.com/used-car-details/used-Toyota-rumion-s-cars-Kolkata_d3559146-ea18-4407-8a84-da8e116ce44c.htm,9.90L,2025,"12,000 kms",Petrol,Manual,"Ballygunge, Kolkata","AI Expert
GREAT PRICE
1st owner, 12k km — papers are clean on this Rumion.
1 year old, only 12k km — near-new in every sense.
Read full report",₹9.90 Lakh,"12,000 km
Below avg","EMI from ₹24,572/mo",Petrol,Manual,1st Owner
Tata Nexon EV Fearless LR,https://www.cardekho.com/used-car-details/used-Tata-nexon-ev-fearless-lr-cars-Kolkata_55eb1b9a-1e67-421a-ac15-5689d8e0dd48.htm,9.85L,2023,"25,000 kms",Electric,Automatic,"Ghose Bagan, Kolkata","AI Expert
GREAT PRICE
1st owner, 25k km — ownership is clean on this Nexon EV.
Tata EVs have near-zero running costs for daily city use.
Read full report",₹9.85 Lakh,"25,000 km
Below avg","EMI from ₹24,448/mo",Electric,Automatic,1st Owner
Volkswagen Polo 1.2 MPI Highline,https://www.cardekho.com/used-car-details/used-Volkswagen-polo-12-mpi-highline-cars-Kolkata_2fe51fed-7730-4881-89fe-8eb0c5295be7.htm?adId=32801&adType=41,2.49L,2013,"44,000 kms",Petrol,Manual,"J.b.s, Kolkata","AI Expert
BELOW MARKET
2nd owner, 44k km — papers are clean on this Polo.
Price dropped ₹50k — now at ₹2.5L.
Read full report",₹2.49 Lakh,"44,000 km
Below avg",,Petrol,Manual,2nd Owner
Hyundai Grand i10 Nios Asta,https://www.cardekho.com/used-car-details/used-Hyundai-grand-i10-nios-asta-cars-Kolkata_737c4b8b-d8d2-4f28-bf86-60d1009c822d.htm,5.99L,2024,"16,000 kms",Petrol,Manual,"Ballygunge, Kolkata","AI Expert
BELOW MARKET
1st owner, 16k km — history looks solid on this Grand i10 Nios.
2 year old, only 16k km — near-new in every sense.
Read full report",₹5.99 Lakh,"16,000 km
Below avg","EMI from ₹14,868/mo",Petrol,Manual,1st Owner
Maruti Suzuki Swift Dzire VDI,https://www.cardekho.com/used-car-details/used-Maruti-swift-dzire-vdi-cars-Kolkata_5ada2cac-064d-4a44-abf8-16e7ca70e493.htm,2.20L,2013,"90,000 kms",Diesel,Manual,"Thakurpukur, Kolkata","AI Expert
BELOW MARKET
2nd owner, 90k km on this Swift Dzire — key checks are clear.
Simple to run, easy to park.
Read full report",₹2.20 Lakh,"90,000 km",,Diesel,Manual,2nd Owner
Hyundai Creta S Plus Knight,https://www.cardekho.com/used-car-details/used-Hyundai-creta-s-plus-knight-cars-Kolkata_e098b4f2-2c7f-4a4a-9db9-7f3cebabd76d.htm,10.49L,2023,"12,000 kms",Petrol,Manual,"J.b.s, Kolkata","AI Expert
GREAT PRICE
2nd owner, 12k km — papers are clean on this Creta.
Price dropped ₹50k — now at ₹10.5L.
Read full report",₹10.49 Lakh,"12,000 km
Below avg","EMI from ₹26,037/mo",Petrol,Manual,2nd Owner
Maruti Suzuki Celerio X ZXI,https://www.cardekho.com/used-car-details/used-Maruti-celerio-x-zxi-cars-Kolkata_9723019c-79f4-4d29-b49b-f93bc238a034.htm?adId=32162&adType=41,4.05L,2021,"50,000 kms",Petrol,Manual,"Baranagar, Kolkata","AI Expert
GREAT PRICE
1st owner, 50k km — key checks pass on this Celerio X.
Maruti service is available in almost every city and town.
Read full report",₹4.05 Lakh,"50,000 km","EMI from ₹10,053/mo",Petrol,Manual,1st Owner
Mercedes-Benz A Class A180 CDI,https://www.cardekho.com/used-car-details/used-Mercedes-benz-a-class-a180-cdi-cars-Kolkata_02090b5d-84bd-4b43-be8b-5f670d1af189.htm,10L,2014,"40,000 kms",Diesel,Automatic,"Gobinda Khatick Road, Kolkata",,₹10 Lakh,"40,000 km",,Diesel,Automatic,2nd Owner
Volkswagen Polo 1.2 MPI Comfortline,https://www.cardekho.com/used-car-details/used-Volkswagen-polo-12-mpi-comfortline-cars-Kolkata_72ec2f1d-68f4-4538-960d-db0567a65fc8.htm,2.50L,2014,"1,10,000 kms",Petrol,Manual,"Kalighat, Kolkata",,₹2.50 Lakh,"1,10,000 km",,Petrol,Manual,1st Owner
Toyota Fortuner 2.8 4WD AT BSIV,https://www.cardekho.com/used-car-details/used-Toyota-fortuner-28-4wd-at-bsiv-cars-Kolkata_7844cecd-3a1a-4233-9dc0-58be23482017.htm,22L,2017,"1,20,000 kms",Diesel,Automatic,"Jodhpur Park, Kolkata",,₹22 Lakh,"1,20,000 km","EMI from ₹68,154/mo",Diesel,Automatic,1st Owner
Maruti Suzuki Eeco 5 Seater AC BSIV,https://www.cardekho.com/used-car-details/used-Maruti-eeco-5-seater-ac-bsiv-cars-Kolkata_cc059816-2f4b-447a-963f-306d0db9d39e.htm,2.54 Lakh,2014,"10,000 km",,,,,₹2.54 Lakh,"10,000 km",,Petrol,Manual,1st Owner
Maruti Suzuki Alto 800 LXI,https://www.cardekho.com/used-car-details/used-Maruti-alto-800-lxi-cars-Kolkata_474f95e2-375a-422a-9551-2ae6bfaf363b.htm,2.10 Lakh,2016,"35,925 km",,,,,₹2.10 Lakh,"35,925 km","EMI from ₹9,120/mo",Petrol,Manual,1st Owner
Maruti Suzuki Eeco 7 Seater STD (O),https://www.cardekho.com/used-car-details/used-Maruti-eeco-7-seater-std-o-cars-Kolkata_d57a6c0f-474d-406b-95cd-ae5484dd49d3.htm,4.50 Lakh,2022,"90,000 km",,,,,₹4.50 Lakh,"90,000 km","EMI from ₹11,170/mo",Petrol,Manual,1st Owner
Mercedes-Benz GL-Class 350 CDI Blue Efficiency,https://www.cardekho.com/used-car-details/used-Mercedes-benz-gl-class-350-cdi-blue-efficiency-cars-Kolkata_c8ac3194-07bb-4adb-ba2a-f564f25f2bee.htm,22 Lakh,2014,"1,03,000 km",,,,,₹22 Lakh,"1,03,000 km",,Diesel,Automatic,1st Owner
Maruti Suzuki Wagon R AMT VXI,https://www.cardekho.com/used-car-details/used-Maruti-wagon-r-amt-vxi-cars-Kolkata_8e2415af-1b0f-4276-8fd1-930e3ce98fdd.htm,2.85 Lakh,2019,"40,000 km",,,,,₹2.85 Lakh,"40,000 km","EMI from ₹7,074/mo",Petrol,Automatic,3rd Owner
Maruti Suzuki Swift Dzire VDI,https://www.cardekho.com/used-car-details/used-Maruti-swift-dzire-vdi-cars-Kolkata_182facb7-deb5-4d24-88db-11e8a59b05e3.htm,4.34L,2017,"58,000 kms",Diesel,Manual,"Sarat Bose Road, Kolkata","AI Expert
GREAT PRICE
1st owner, 58k km — history looks solid on this Swift Dzire.
Maruti service is available in almost every city and town.
Read full report",₹4.34 Lakh,"58,000 km","EMI from ₹13,445/mo",Diesel,Manual,1st Owner
Maruti Suzuki Wagon R VXI BS IV,https://www.cardekho.com/used-car-details/used-Maruti-wagon-r-vxi-bs-iv-cars-Kolkata_04bedd44-466a-4ce9-a2a6-d8d1cd135771.htm,2.75L,2018,"52,000 kms",Petrol,Manual,"Garia Bt, Kolkata","AI Expert
BELOW MARKET
1st owner, 52k km — history looks solid on this Wagon R.
Maruti service is available in almost every city and town.
Read full report",₹2.75 Lakh,"52,000 km","EMI from ₹6,826/mo",Petrol,Manual,1st Owner
Mahindra XUV 3XO AX5 L Turbo,https://www.cardekho.com/used-car-details/used-Mahindra-xuv-3xo-ax5-l-turbo-cars-Kolkata_64340843-d7b0-4832-a694-573a69127bfe.htm,10.50L,2025,"2,750 kms",Petrol,Manual,"Entally, Kolkata","AI Expert
GREAT PRICE
1st owner, 3k km — key checks pass on this XUV 3XO.
Only 1 year old — near-new at used-car pricing.
Read full report",₹10.50 Lakh,"2,750 km
Below avg","EMI from ₹26,062/mo",Petrol,Manual,1st Owner
Hyundai Verna SX,https://www.cardekho.com/used-car-details/used-Hyundai-verna-sx-cars-Kolkata_a8631b74-b794-454c-8b15-22648e6db5e6.htm?adId=31023&adType=41,7.99L,2021,"22,000 kms",Petrol,Manual,"Bhowanipore, Kolkata","AI Expert
GREAT PRICE
1st owner, 22k km — history looks solid on this Verna.
Hyundai has a wide service network across India.
Read full report",₹7.99 Lakh,"22,000 km
Below avg","EMI from ₹19,835/mo",Petrol,Manual,1st Owner
Maruti Suzuki Baleno Alpha Diesel,https://www.cardekho.com/used-car-details/used-Maruti-baleno-alpha-diesel-cars-Kolkata_1173b8a8-7ecc-4c4b-9db7-27aa40bb23ed.htm,6.18L,2021,"52,400 kms",Diesel,Manual,"Airport Po, Kolkata","AI Expert
GREAT PRICE
1st owner, 52k km — records look solid on this Baleno.
Comprehensive insurance — valid till May 2027.
Read full report",₹6.18 Lakh,"52,400 km","EMI from ₹15,339/mo",Diesel,Manual,1st Owner
Hyundai Creta N Line N10 DCT,https://www.cardekho.com/used-car-details/used-Hyundai-creta-n-line-n10-dct-cars-Kolkata_def5f0a8-022d-484d-a465-04c88382673c.htm,16.95L,2024,"14,000 kms",Petrol,Automatic,"Ballygunge, Kolkata","AI Expert
GREAT PRICE
1st owner, 14k km — ownership is clean on this Creta N Line.
2 year old, only 14k km — near-new in every sense.
Read full report",₹16.95 Lakh,"14,000 km
Below avg","EMI from ₹42,071/mo",Petrol,Automatic,1st Owner
Hyundai Grand i10 1.2 Kappa Asta,https://www.cardekho.com/used-car-details/used-Hyundai-grand-i10-12-kappa-asta-cars-Kolkata_39463eef-44e7-4899-b62c-5d862cf33ffd.htm,2.83L,2014,"27,393 kms",Petrol,Manual,"Airport Po, Kolkata","AI Expert
GREAT PRICE
2nd owner, 27k km — key checks pass on this Grand i10.
Only 27k km — lower than 80% of similar Grand i10s on CarDekho.
Read full report",₹2.83 Lakh,"27,393 km
Below avg",,Petrol,Manual,2nd Owner
Hyundai Aura S AMT,https://www.cardekho.com/used-car-details/used-Hyundai-aura-s-amt-cars-Kolkata_c13f913e-eb5d-4c14-8408-e1c02c2178cf.htm?adId=33050&adType=41,6.55L,2022,"13,533 kms",Petrol,Automatic,"Salt Lake City, Kolkata","AI Expert
GREAT PRICE
1st owner, 14k km — history looks clean on this Aura.
Only 14k km — lower than 98% of similar Auras on CarDekho.
Read full report",₹6.55 Lakh,"13,533 km
Below avg","EMI from ₹16,258/mo",Petrol,Automatic,1st Owner
Hyundai Verna EX,https://www.cardekho.com/buy-used-car-details/used-Hyundai-verna-ex-cars-Kolkata_13ab2753-b57d-4bb2-8f8a-ffb57c063f79.htm,4.88L,2018,"87,080 kms",Petrol,Manual,"E.K.T, Kolkata","AI Expert
GREAT PRICE
1st owner, 87k km — records look solid on this Verna.
300-point inspection done. Warranty included.
Read full report",₹4.88 Lakh,"87,080 km","EMI from ₹12,113/mo",Petrol,Manual,1st Owner
Honda Amaze VX Petrol,https://www.cardekho.com/used-car-details/used-Honda-amaze-vx-petrol-cars-Kolkata_c85e6e24-952d-4915-9aa8-6dcff67f325d.htm,4.85L,2021,"45,000 kms",Petrol,Manual,"Kasba, Kolkata","AI Expert
GREAT PRICE
1st owner, 45k km — history looks clean on this Amaze.
Simple to run, easy to park.
Read full report",₹4.85 Lakh,"45,000 km
Below avg","EMI from ₹12,038/mo",Petrol,Manual,1st Owner
Maruti Suzuki Swift ZXI BSVI,https://www.cardekho.com/used-car-details/used-Maruti-swift-zxi-bsvi-cars-Kolkata_1db1ffdc-a684-4886-9a15-2db11acad389.htm,5L,2021,"10,000 kms",Petrol,Manual,"Bonhooghly, Kolkata","AI Expert
BELOW MARKET
2nd owner, 10k km — key checks pass on this Swift.
Simple to run, easy to park.
Read full report",₹5 Lakh,"10,000 km
Below avg","EMI from ₹12,411/mo",Petrol,Manual,2nd Owner
Hyundai Verna SX,https://www.cardekho.com/used-car-details/used-Hyundai-verna-sx-cars-Kolkata_a8631b74-b794-454c-8b15-22648e6db5e6.htm?adId=31023&adType=41,7.99L,2021,"22,000 kms",Petrol,Manual,"Bhowanipore, Kolkata","AI Expert
GREAT PRICE
1st owner, 22k km — history looks solid on this Verna.
Hyundai has a wide service network across India.
Read full report",₹7.99 Lakh,"22,000 km
Below avg","EMI from ₹19,835/mo",Petrol,Manual,1st Owner
Volkswagen Polo GT TSI,https://www.cardekho.com/used-car-details/used-Volkswagen-polo-gt-tsi-cars-Kolkata_9ab83b9b-68e0-4cbc-9200-16c071ad07b8.htm,5.99L,2019,"39,000 kms",Petrol,Automatic,"Rash Behari Avenue, Kolkata","AI Expert
GREAT PRICE
1st owner, 39k km — ownership is clean on this Polo GT TSI.
Comprehensive insurance — valid till February 2027.
Read full report",₹5.99 Lakh,"39,000 km
Below avg","EMI from ₹14,868/mo",Petrol,Automatic,1st Owner
Honda Elevate ZX CVT Non RF,https://www.cardekho.com/buy-used-car-details/used-Honda-elevate-zx-cvt-non-rf-cars-Kolkata_86bff0d0-9826-4315-b029-12e05369fdcc.htm,10.82L,2023,"37,974 kms",Petrol,Automatic,"E.K.T, Kolkata","AI Expert
GREAT PRICE
1st owner, 38k km — documents are clean on this Elevate.
300-point inspection done. Warranty included.
Read full report",₹10.82 Lakh,"37,974 km","EMI from ₹26,855/mo",Petrol,Automatic,1st Owner
Tata Altroz XM,https://www.cardekho.com/used-car-details/used-Tata-altroz-xm-cars-Kolkata_4b4199c9-8527-4d24-9b1c-cbace70e51c1.htm,4.49L,2020,"34,000 kms",Petrol,Manual,"Bhowanipore, Kolkata","AI Expert
GREAT PRICE
1st owner, 34k km — history looks solid on this Altroz.
Tata has a wide service network and reliable after-sales support.
Read full report",₹4.49 Lakh,"34,000 km
Below avg","EMI from ₹11,148/mo",Petrol,Manual,1st Owner
Jaguar XF 2.0 Petrol Portfolio,https://www.cardekho.com/used-car-details/used-Jaguar-xf-20-petrol-portfolio-cars-Kolkata_3889bae5-ad51-438f-ac50-74f9142a7075.htm?adId=32131&adType=41,16L,2017,"40,000 kms",Petrol,Automatic,"Canal Circular Road, Phool Bagan, Kankurgachi, Kolkata","AI Expert
GREAT PRICE
4th owner, no accident, 40k km — records are clear on this XF.
Simple to run, easy to park.
Read full report",₹16 Lakh,"40,000 km","EMI from ₹49,567/mo",Petrol,Automatic,4th Owner
Mahindra Bolero B6 Opt BSVI,https://www.cardekho.com/used-car-details/used-Mahindra-bolero-b6-opt-bsvi-cars-Kolkata_00b2d5e6-0f76-41aa-914f-066cb905fb80.htm,8.37L,2022,"80,000 kms",Diesel,Manual,"E.K.T, Kolkata","AI Expert
GREAT PRICE
1st owner, 80k km — records look solid on this Bolero.
Mahindra service is easy to find.
Read full report",₹8.37 Lakh,"80,000 km","EMI from ₹20,775/mo",Diesel,Manual,1st Owner
Hyundai Creta SX Diesel,https://www.cardekho.com/buy-used-car-details/used-Hyundai-creta-sx-diesel-cars-Kolkata_8b908304-7e08-4046-80da-e40e77e798c6.htm,9.50L,2022,"99,981 kms",Diesel,Manual,"E.K.T, Kolkata","AI Expert
BELOW MARKET
1st owner, 100k km — history is traceable on this Creta.
300-point inspection done. Warranty included.
Read full report",₹9.50 Lakh,"99,981 km","EMI from ₹23,569/mo",Diesel,Manual,1st Owner
Maruti Suzuki Swift VXI AMT BSVI,https://www.cardekho.com/used-car-details/used-Maruti-swift-vxi-amt-bsvi-cars-Kolkata_30ce5734-94c2-4ea0-b840-9bff9699c6ba.htm,5.75L,2021,"37,397 kms",Petrol,Automatic,"Salt Lake City, Kolkata","AI Expert
FAIR PRICE
1st owner, 37k km, no accident — key checks pass on this Swift.
Maruti service is available in almost every city and town.
Read full report",₹5.75 Lakh,"37,397 km
Below avg","EMI from ₹14,272/mo",Petrol,Automatic,1st Owner
Maruti Suzuki S-Presso VXI Plus 2019-2022,https://www.cardekho.com/used-car-details/used-Maruti-s-presso-vxi-plus-2019-2022-cars-Kolkata_5060ccf9-61f3-458a-9843-7abca62c5a89.htm?adId=33175&adType=41,3.25L,2020,"32,000 kms",Petrol,Manual,"Garia Bt, Kolkata","AI Expert
GREAT PRICE
1st owner, 32k km — history is traceable on this S-Presso.
Maruti service is available in almost every .
Read full report",₹3.25 Lakh,"32,000 km","EMI from ₹8,067/mo",Petrol,Manual,1st Owner
Mahindra KUV 100 mFALCON G80 K6 Plus,https://www.cardekho.com/used-car-details/used-Mahindra-kuv-100-mfalcon-g80-k6-plus-cars-Kolkata_7703fdd5-220b-4d26-8f23-9055e597aac7.htm,2.50L,2017,"50,000 kms",Petrol,Manual,"Laskarpur Road, Garia Gardens, Narkal Bagan, Kolkata","AI Expert
GREAT PRICE
3rd owner, 50k km — records look solid on this KUV 100.
Mahindra SUVs are built for Indian roads — rugged and reliable.
Read full report",₹2.50 Lakh,"50,000 km","EMI from ₹7,745/mo",Petrol,Manual,3rd Owner
Mahindra XUV 3XO AX7 Turbo AT,https://www.cardekho.com/used-car-details/used-Mahindra-xuv-3xo-ax7-turbo-at-cars-Kolkata_5eb66f83-e75e-4dbb-b980-31386c124a29.htm,11.66L,2025,"10,000 kms",Petrol,Automatic,"Mahestala, Kolkata","AI Expert
GREAT PRICE
1st owner, 10k km — history looks clean on this XUV 3XO.
1 year old, only 10k km — near-new in every sense.
Read full report",₹11.66 Lakh,"10,000 km
Below avg","EMI from ₹28,941/mo",Petrol,Automatic,1st Owner
Mahindra KUV 100 NXT G80 K2 Plus,https://www.cardekho.com/used-car-details/used-Mahindra-kuv-100-nxt-g80-k2-plus-cars-Kolkata_38aaf984-1895-44eb-afd0-853ac493a490.htm,2.90L,2020,"68,000 kms",Petrol,Manual,"Ballygunge, Kolkata","AI Expert
GREAT PRICE
2nd owner, 68k km on this KUV 100 NXT — records look solid.
Simple to run, easy to park.
Read full report",₹2.90 Lakh,"68,000 km","EMI from ₹7,198/mo",Petrol,Manual,2nd Owner
Renault KWID 1.0 RXT 02 Anniversary Edition,https://www.cardekho.com/used-car-details/used-Renault-kwid-10-rxt-02-anniversary-edition-cars-Kolkata_d6d92127-e259-4bc7-83f8-1f5a18211acf.htm?adId=32802&adType=41,2.49L,2018,"37,000 kms",Petrol,Manual,"J.b.s, Kolkata","AI Expert
BELOW MARKET
1st owner, 37k km — history is traceable on this KWID.
Price dropped ₹16k — now at ₹2.5L.
Read full report",₹2.49 Lakh,"37,000 km","EMI from ₹6,181/mo",Petrol,Manual,1st Owner
Toyota Fortuner 2.8 2WD MT BSIV,https://www.cardekho.com/used-car-details/used-Toyota-fortuner-28-2wd-mt-bsiv-cars-Kolkata_24885486-077d-47c0-9fbe-e3b787b31e2c.htm,21.50L,2017,"1,12,000 kms",Diesel,Manual,"Cornelia Sorabji Road, Maidan, B.B.D. Bagh, Kolkata","AI Expert
GREAT PRICE
1st owner, no tampering — 112k km on this Fortuner.
Simple to run, easy to park.
Read full report",₹21.50 Lakh,"1,12,000 km","EMI from ₹66,605/mo",Diesel,Manual,1st Owner
Renault KWID 1.0 RXT,https://www.cardekho.com/used-car-details/used-Renault-kwid-10-rxt-cars-Kolkata_349cb9a0-4997-4a7b-a108-87888a89207c.htm,2.50L,2017,"17,000 kms",Petrol,Manual,"Lake Market, Kolkata","AI Expert
FAIR PRICE
1st owner, no accident, 17k km — records look solid on this KWID.
Simple to run, easy to park.
Read full report",₹2.50 Lakh,"17,000 km
Below avg","EMI from ₹7,745/mo",Petrol,Manual,1st Owner
Hyundai Grand i10 1.2 Kappa Sportz Option AT,https://www.cardekho.com/used-car-details/used-Hyundai-grand-i10-12-kappa-sportz-option-at-cars-Kolkata_da078a19-bc3a-42da-bb11-c62fcfd14f38.htm,3.60L,2017,"34,000 kms",Petrol,Automatic,"Rash Behari Avenue, Kolkata","AI Expert
GREAT PRICE
1st owner, 34k km — history is traceable on this Grand i10.
Hyundai has a wide service network across India.
Read full report",₹3.60 Lakh,"34,000 km
Below avg","EMI from ₹11,153/mo",Petrol,Automatic,1st Owner
Maruti Suzuki Celerio X ZXI,https://www.cardekho.com/used-car-details/used-Maruti-celerio-x-zxi-cars-Kolkata_9723019c-79f4-4d29-b49b-f93bc238a034.htm?adId=32162&adType=41,4.05L,2021,"50,000 kms",Petrol,Manual,"Baranagar, Kolkata","AI Expert
GREAT PRICE
1st owner, 50k km — key checks pass on this Celerio X.
Maruti service is available in almost every city and town.
Read full report",₹4.05 Lakh,"50,000 km","EMI from ₹10,053/mo",Petrol,Manual,1st Owner
MG Hector Savvy Pro CVT 2023-2025,https://www.cardekho.com/used-car-details/used-Mg-hector-savvy-pro-cvt-2023-2025-cars-Kolkata_e22148c3-b085-4d15-bf57-7e30bc53b534.htm,14.50L,2023,"27,000 kms",Petrol,Automatic,"Ballygunge, Kolkata","AI Expert
BELOW MARKET
1st owner, no accident — ₹2.1L below what similar Hectors sell for.
₹2.1L below what similar Hectors sell for.
Read full report",₹14.50 Lakh,"27,000 km
Below avg","EMI from ₹35,990/mo",Petrol,Automatic,1st Owner
Maruti Suzuki XL6 Zeta,https://www.cardekho.com/used-car-details/used-Maruti-xl6-zeta-cars-Kolkata_e757d29f-5b4f-43fa-85d5-1de58b386c08.htm,9.50L,2023,"38,000 kms",Petrol,Manual,"Salt Lake City, Kolkata","AI Expert
GREAT PRICE
1st owner, 38k km — history is traceable on this XL6.
Comprehensive insurance — valid till March 2027.
Read full report",₹9.50 Lakh,"38,000 km","EMI from ₹23,580/mo",Petrol,Manual,1st Owner
Hyundai Aura SX Plus AMT Diesel,https://www.cardekho.com/used-car-details/used-Hyundai-aura-sx-plus-amt-diesel-cars-Kolkata_62b04f36-7273-4675-96c3-a5f9258f959a.htm,6.15L,2021,"51,460 kms",Diesel,Automatic,"Kasba, Kolkata","AI Expert
GREAT PRICE
1st owner, km flagged — clean records on this Aura.
Hyundai has a wide service network across India.
Read full report",₹6.15 Lakh,"51,460 km","EMI from ₹15,268/mo",Diesel,Automatic,1st Owner
Tata Safari Accomplished Plus,https://www.cardekho.com/used-car-details/used-Tata-safari-accomplished-plus-cars-Kolkata_3527661d-988a-4708-ab96-b6c3c83c0c2a.htm?adId=32985&adType=41,16L,2023,"86,000 kms",Diesel,Manual,"Khiddirpore, Kolkata","AI Expert
FAIR PRICE
1st owner, no odometer tampering, 86k km on this Safari.
Tata has a wide service network and reliable after-sales support.
Read full report",₹16 Lakh,"86,000 km","EMI from ₹39,713/mo",Diesel,Manual,1st Owner
Volkswagen Polo 1.2 MPI Highline,https://www.cardekho.com/used-car-details/used-Volkswagen-polo-12-mpi-highline-cars-Kolkata_fcf818a1-2188-4b3d-ac3b-4d63417060f7.htm,3.20L,2014,"60,000 kms",Petrol,Manual,"Baghbazar, Kolkata","AI Expert
FAIR PRICE
3rd owner, 60k km on this Polo — key checks pass.
Simple to run, easy to park.
Read full report",₹3.20 Lakh,"60,000 km",,Petrol,Manual,3rd Owner
Tata Nexon XZA Plus HS AMT,https://www.cardekho.com/used-car-details/used-Tata-nexon-xza-plus-hs-amt-cars-Kolkata_41cd753f-3fbe-42cf-94d0-f5ebf01bfcd4.htm,8.50L,2022,"10,000 kms",Petrol,Automatic,"Haltu, Kolkata","AI Expert
FAIR PRICE
1st owner, no tampering, 10k km — history is traceable on this Nexon.
Only 10k km — lower than 88% of similar Nexons on CarDekho.
Read full report",₹8.50 Lakh,"10,000 km
Below avg","EMI from ₹21,098/mo",Petrol,Automatic,1st Owner
Maruti Suzuki Ciaz 1.3 Alpha,https://www.cardekho.com/used-car-details/used-Maruti-ciaz-13-alpha-cars-Kolkata_b20fa1de-9ac5-4156-95d6-7024eefed975.htm,5.50L,2017,"1,20,000 kms",Diesel,Manual,"Salt Lake City, Kolkata","AI Expert
ABOVE MARKET
1st owner, 120k km — ownership looks clean on this Ciaz.
Maruti service is available in almost every city and town.
Read full report",₹5.50 Lakh,"1,20,000 km","EMI from ₹17,039/mo",Diesel,Manual,1st Owner
Mahindra Scorpio S10 8 Seater,https://www.cardekho.com/used-car-details/used-Mahindra-scorpio-s10-8-seater-cars-Kolkata_75a3ac82-58d1-4b69-af6f-628b058c7a54.htm?adId=32927&adType=41,8.25L,2016,"38,000 kms",Diesel,Manual,"Bhowanipore, Kolkata","AI Expert
BELOW MARKET
1st owner, 38k km on this Scorpio — papers look clean.
Mahindra SUVs are built for Indian roads — rugged and reliable.
Read full report",₹8.25 Lakh,"38,000 km","EMI from ₹35,831/mo",Diesel,Manual,1st Owner
Maruti Suzuki Brezza VXi BSVI,https://www.cardekho.com/used-car-details/used-Maruti-brezza-vxi-bsvi-cars-Kolkata_6e4022b5-c8fc-4d6f-934c-b335e5833e01.htm,6.50L,2022,"39,000 kms",Petrol,Manual,"Ballygunge, Kolkata","AI Expert
BELOW MARKET
1st owner, 39k km — documents are clean on this Brezza.
₹1.1L below what similar Brezzas sell for.
Read full report",₹6.50 Lakh,"39,000 km
Below avg","EMI from ₹16,134/mo",Petrol,Manual,1st Owner
Maruti Suzuki Swift ZXI,https://www.cardekho.com/used-car-details/used-Maruti-swift-zxi-cars-Kolkata_2ebb8a99-3e92-45ce-b2ba-9d02dcabc6ae.htm,2.60L,2012,"60,000 kms",Petrol,Manual,"Narendrapur, Kolkata","AI Expert
GREAT PRICE
2nd owner, 60k km — papers are clean on this Swift.
Simple to run, easy to park.
Read full report",₹2.60 Lakh,"60,000 km",,Petrol,Manual,2nd Owner
Honda Amaze V,https://www.cardekho.com/used-car-details/used-Honda-amaze-v-cars-Kolkata_bd0dc133-3eeb-4043-aa5a-5cc32b0d2fd8.htm,6.50L,2024,"20,924 kms",Petrol,Manual,"Beleghata, Kolkata","AI Expert
BELOW MARKET
1st owner, 21k km — key checks pass on this Amaze.
Comprehensive insurance — valid till May 2027.
Read full report",₹6.50 Lakh,"20,924 km
Below avg","EMI from ₹16,134/mo",Petrol,Manual,1st Owner
Hyundai i10 Magna 1.1L,https://www.cardekho.com/used-car-details/used-Hyundai-i10-magna-11l-cars-Kolkata_3a0aa2bf-79a4-4754-afbd-ed1b69073f2f.htm?adId=32163&adType=41,2.25L,2015,"15,000 kms",Petrol,Manual,"Baranagar, Kolkata","AI Expert
BELOW MARKET
1st owner, 15k km, no accident on this i10 — papers are clean.
Only 15k km — lower than 96% of similar i10s on CarDekho.
Read full report",₹2.25 Lakh,"15,000 km
Below avg","EMI from ₹18,230/mo",Petrol,Manual,1st Owner
Hyundai Xcent Petrol,https://www.cardekho.com/used-car-details/used-Hyundai-xcent-petrol-cars-Kolkata_7b220d77-77d4-4705-b444-d7dc183447d9.htm,3.24L,2017,"52,949 kms",Petrol,Manual,"Airport Po, Kolkata","AI Expert
GREAT PRICE
1st owner, no accident, 53k km — ownership is clean on this Xcent.
300-point inspection done. Warranty included.
Read full report",₹3.24 Lakh,"52,949 km","EMI from ₹10,025/mo",Petrol,Manual,1st Owner
Honda WR-V i-VTEC VX,https://www.cardekho.com/used-car-details/used-Honda-wr-v-i-vtec-vx-cars-Kolkata_c07cadc1-91dc-43c6-a116-656280466034.htm,4.50L,2018,"34,000 kms",Petrol,Manual,"Unnamed Road, Nehali, Kolkata","AI Expert
GREAT PRICE
1st owner, no tampering, 34k km — records look solid on this WR-V.
Simple to run, easy to park.
Read full report",₹4.50 Lakh,"34,000 km
Below avg","EMI from ₹11,170/mo",Petrol,Manual,1st Owner
Maruti Suzuki Wagon R VXI BS IV,https://www.cardekho.com/used-car-details/used-Maruti-wagon-r-vxi-bs-iv-cars-Kolkata_49db83b1-7347-49d9-9cb8-5d247115c9c6.htm,2.35L,2015,"27,000 kms",Petrol,Manual,"Garia Bt, Kolkata","AI Expert
BELOW MARKET
1st owner, 27k km — documents are clear on this Wagon R.
Maruti service is available in almost every city and town.
Read full report",₹2.35 Lakh,"27,000 km
Below avg","EMI from ₹19,040/mo",Petrol,Manual,1st Owner
Jeep Compass 2.0 Limited 4X4,https://www.cardekho.com/used-car-details/used-Jeep-compass-20-limited-4x4-cars-Kolkata_acc9a013-6787-4bd8-9c51-f96295f63d7c.htm?adId=31987&adType=41,7.40L,2018,"48,000 kms",Diesel,Manual,"Middleton Row, Kolkata","AI Expert
GREAT PRICE
2nd owner, 48k km on this Compass — key checks pass.
Simple to run, easy to park.
Read full report",₹7.40 Lakh,"48,000 km","EMI from ₹18,367/mo",Diesel,Manual,2nd Owner
MG Hector Sharp AT BSIV,https://www.cardekho.com/used-car-details/used-Mg-hector-sharp-at-bsiv-cars-Kolkata_84375744-11cb-49cb-9cb3-1428f6dfc56d.htm,10.50L,2021,"16,000 kms",Petrol,Automatic,"Ballygunge, Kolkata","AI Expert
BELOW MARKET
1st owner, 16k km, no accident — history looks solid on this Hector.
Only 16k km — lower than 92% of similar Hectors on CarDekho.
Read full report",₹10.50 Lakh,"16,000 km
Below avg","EMI from ₹26,062/mo",Petrol,Automatic,1st Owner
Maruti Suzuki Wagon R VXI BS IV,https://www.cardekho.com/used-car-details/used-Maruti-wagon-r-vxi-bs-iv-cars-Kolkata_79c0de19-9b44-4c39-9af4-801e0fae0317.htm,2.80L,2016,"30,000 kms",Petrol,Manual,"Haridevpur, Kolkata","AI Expert
GREAT PRICE
1st owner, 30k km — history looks clear on this Wagon R.
Maruti service is available in almost every city and town.
Read full report",₹2.80 Lakh,"30,000 km","EMI from ₹12,159/mo",Petrol,Manual,1st Owner
Honda Amaze VX O i VTEC,https://www.cardekho.com/used-car-details/used-Honda-amaze-vx-o-i-vtec-cars-Kolkata_16cb6a61-5725-487e-a89b-1d5778a57132.htm,2.35L,2015,"60,000 kms",Petrol,Manual,"Haridevpur, Kolkata","AI Expert
BELOW MARKET
3rd owner, 60k km — key checks pass on this Amaze.
Honda engines are known to last well over high km.
Read full report",₹2.35 Lakh,"60,000 km","EMI from ₹19,040/mo",Petrol,Manual,3rd Owner
Volkswagen Polo 1.2 MPI Highline,https://www.cardekho.com/used-car-details/used-Volkswagen-polo-12-mpi-highline-cars-Kolkata_2fe51fed-7730-4881-89fe-8eb0c5295be7.htm?adId=32801&adType=41,2.49L,2013,"44,000 kms",Petrol,Manual,"J.b.s, Kolkata","AI Expert
BELOW MARKET
2nd owner, 44k km — papers are clean on this Polo.
Price dropped ₹50k — now at ₹2.5L.
Read full report",₹2.49 Lakh,"44,000 km
Below avg",,Petrol,Manual,2nd Owner
Maruti Suzuki Celerio ZXI Optional,https://www.cardekho.com/used-car-details/used-Maruti-celerio-zxi-optional-cars-Kolkata_fb25f308-1f03-4ade-84ad-de431467ff0f.htm,4.25L,2021,"45,000 kms",Petrol,Manual,"Jadavpur University, Kolkata","AI Expert
GREAT PRICE
1st owner, 45k km — documents are clean on this Celerio.
Maruti service is easy to find.
Read full report",₹4.25 Lakh,"45,000 km","EMI from ₹10,549/mo",Petrol,Manual,1st Owner
Nissan Magnite XV,https://www.cardekho.com/used-car-details/used-Nissan-magnite-xv-cars-Kolkata_87b45bed-1179-4e07-a92e-b4215afa91a1.htm,4.61L,2022,"33,606 kms",Petrol,Manual,"E.K.T, Kolkata","AI Expert
GREAT PRICE
2nd owner, 34k km — papers are clean on this Magnite.
300-point inspection done. Warranty included.
Read full report",₹4.61 Lakh,"33,606 km
Below avg","EMI from ₹11,446/mo",Petrol,Manual,2nd Owner
Maruti Suzuki Ciaz VXi Plus,https://www.cardekho.com/used-car-details/used-Maruti-ciaz-vxi-plus-cars-Kolkata_88273ed4-db2f-40d2-9415-738d642f7583.htm,3.35L,2014,"59,000 kms",Petrol,Manual,"Garia Bt, Kolkata","AI Expert
GREAT PRICE
1st owner, 59k km — papers are clean on this Ciaz.
Maruti service is available in almost every city and town.
Read full report",₹3.35 Lakh,"59,000 km",,Petrol,Manual,1st Owner
Maruti Suzuki Alto K10 VXI,https://www.cardekho.com/used-car-details/used-Maruti-alto-k10-vxi-cars-Kolkata_f4c61115-fbe5-403f-a713-ad46dc05dc99.htm?adId=33058&adType=41,2.51L,2017,"46,000 kms",Petrol,Manual,"Garia Bt, Kolkata","AI Expert
GREAT PRICE
1st owner, 46k km — documents are clear on this Alto K10.
Simple to run, easy to park.
Read full report",₹2.51 Lakh,"46,000 km","EMI from ₹7,776/mo",Petrol,Manual,1st Owner
Hyundai Xcent 1.2 VTVT S,https://www.cardekho.com/used-car-details/used-Hyundai-xcent-12-vtvt-s-cars-Kolkata_8e997218-00b6-46b5-99c6-770d7f277518.htm,2.91L,2015,"9,275 kms",Petrol,Manual,"Airport Po, Kolkata","AI Expert
BELOW MARKET
1st owner, 9k km — papers are clean on this Xcent.
Only 9k km — lower than 98% of similar Xcents on CarDekho.
Read full report",₹2.91 Lakh,"9,275 km
Below avg","EMI from ₹23,543/mo",Petrol,Manual,1st Owner
Maruti Suzuki Swift VXI,https://www.cardekho.com/used-car-details/used-Maruti-swift-vxi-cars-Kolkata_4fd28bbb-0b0c-4a6f-bd9a-5ab87b325562.htm,2.40L,2013,"52,000 kms",Petrol,Manual,"Jadavpur University, Kolkata","AI Expert
BELOW MARKET
1st owner, 52k km — papers are clean on this Swift.
Comprehensive insurance — valid till April 2027.
Read full report",₹2.40 Lakh,"52,000 km",,Petrol,Manual,1st Owner
Honda Amaze VX Petrol,https://www.cardekho.com/used-car-details/used-Honda-amaze-vx-petrol-cars-Kolkata_c85e6e24-952d-4915-9aa8-6dcff67f325d.htm,4.85L,2021,"45,000 kms",Petrol,Manual,"Kasba, Kolkata","AI Expert
GREAT PRICE
1st owner, 45k km — history looks clean on this Amaze.
Simple to run, easy to park.
Read full report",₹4.85 Lakh,"45,000 km
Below avg","EMI from ₹12,038/mo",Petrol,Manual,1st Owner
Hyundai Verna SX Opt Turbo,https://www.cardekho.com/used-car-details/used-Hyundai-verna-sx-opt-turbo-cars-Kolkata_f4a04a3b-4bda-4bfa-a87e-25ded4fcaee1.htm?adId=32208&adType=41,12.50L,2023,"39,000 kms",Petrol,Manual,"Ghugudanga, Kolkata","AI Expert
GREAT PRICE
1st owner, no tampering, 39k km — key checks pass on this Verna.
Simple to run, easy to park.
Read full report",₹12.50 Lakh,"39,000 km","EMI from ₹31,026/mo",Petrol,Manual,1st Owner
Maruti Suzuki Baleno Zeta,https://www.cardekho.com/used-car-details/used-Maruti-baleno-zeta-cars-Kolkata_ceff0389-889e-4b2c-951e-2c849ec0b684.htm,4.73L,2020,"56,000 kms",Petrol,Manual,"Garia Bt, Kolkata","AI Expert
GREAT PRICE
2nd owner, no accident — 56k km on this Baleno.
Simple to run, easy to park.
Read full report",₹4.73 Lakh,"56,000 km","EMI from ₹11,740/mo",Petrol,Manual,2nd Owner
Kia Seltos GTX Plus,https://www.cardekho.com/used-car-details/used-Kia-seltos-gtx-plus-cars-Kolkata_f4c17db5-05e2-4c9e-9dd8-36f540a27baa.htm,8.38L,2019,"30,000 kms",Petrol,Manual,"Kasba, Kolkata","AI Expert
BELOW MARKET
2nd owner, no accident — 30k km is normal for this Seltos.
Kia Seltos holds value well — a strong SUV resale pick.
Read full report",₹8.38 Lakh,"30,000 km
Below avg","EMI from ₹20,800/mo",Petrol,Manual,2nd Owner
Maruti Suzuki Wagon R VXI,https://www.cardekho.com/used-car-details/used-Maruti-wagon-r-vxi-cars-Kolkata_194535ce-7f5c-406a-a8c4-3759ffc2c3ae.htm,4.95L,2024,"19,238 kms",Petrol,Manual,"University, Kolkata","AI Expert
GREAT PRICE
1st owner, 19k km — documents are clean on this Wagon R.
Only 2 years old — near-new condition at used-car pricing.
Read full report",₹4.95 Lakh,"19,238 km
Below avg","EMI from ₹12,283/mo",Petrol,Manual,1st Owner
Jaguar XF 2.0 Petrol Portfolio,https://www.cardekho.com/used-car-details/used-Jaguar-xf-20-petrol-portfolio-cars-Kolkata_3889bae5-ad51-438f-ac50-74f9142a7075.htm?adId=32131&adType=41,16L,2017,"40,000 kms",Petrol,Automatic,"Canal Circular Road, Phool Bagan, Kankurgachi, Kolkata","AI Expert
GREAT PRICE
4th owner, no accident, 40k km — records are clear on this XF.
Simple to run, easy to park.
Read full report",₹16 Lakh,"40,000 km","EMI from ₹49,567/mo",Petrol,Automatic,4th Owner
Volkswagen Polo 1.2 MPI Comfortline,https://www.cardekho.com/used-car-details/used-Volkswagen-polo-12-mpi-comfortline-cars-Kolkata_72ec2f1d-68f4-4538-960d-db0567a65fc8.htm,2.50L,2014,"1,10,000 kms",Petrol,Manual,"Kalighat, Kolkata",,₹2.50 Lakh,"1,10,000 km",,Petrol,Manual,1st Owner
Mercedes-Benz A Class A180 CDI,https://www.cardekho.com/used-car-details/used-Mercedes-benz-a-class-a180-cdi-cars-Kolkata_02090b5d-84bd-4b43-be8b-5f670d1af189.htm,10L,2014,"40,000 kms",Diesel,Automatic,"Gobinda Khatick Road, Kolkata",,₹10 Lakh,"40,000 km",,Diesel,Automatic,2nd Owner
Toyota Fortuner 2.8 4WD AT BSIV,https://www.cardekho.com/used-car-details/used-Toyota-fortuner-28-4wd-at-bsiv-cars-Kolkata_7844cecd-3a1a-4233-9dc0-58be23482017.htm,22L,2017,"1,20,000 kms",Diesel,Automatic,"Jodhpur Park, Kolkata",,₹22 Lakh,"1,20,000 km","EMI from ₹68,154/mo",Diesel,Automatic,1st Owner
Maruti Suzuki Eeco 7 Seater STD (O),https://www.cardekho.com/used-car-details/used-Maruti-eeco-7-seater-std-o-cars-Kolkata_d57a6c0f-474d-406b-95cd-ae5484dd49d3.htm,4.50 Lakh,2022,"90,000 km",,,,,₹4.50 Lakh,"90,000 km","EMI from ₹11,170/mo",Petrol,Manual,1st Owner
Mercedes-Benz GL-Class 350 CDI Blue Efficiency,https://www.cardekho.com/used-car-details/used-Mercedes-benz-gl-class-350-cdi-blue-efficiency-cars-Kolkata_c8ac3194-07bb-4adb-ba2a-f564f25f2bee.htm,22 Lakh,2014,"1,03,000 km",,,,,₹22 Lakh,"1,03,000 km",,Diesel,Automatic,1st Owner
Maruti Suzuki Alto 800 LXI,https://www.cardekho.com/used-car-details/used-Maruti-alto-800-lxi-cars-Kolkata_474f95e2-375a-422a-9551-2ae6bfaf363b.htm,2.10 Lakh,2016,"35,925 km",,,,,₹2.10 Lakh,"35,925 km","EMI from ₹9,120/mo",Petrol,Manual,1st Owner
Maruti Suzuki Eeco 5 Seater AC BSIV,https://www.cardekho.com/used-car-details/used-Maruti-eeco-5-seater-ac-bsiv-cars-Kolkata_cc059816-2f4b-447a-963f-306d0db9d39e.htm,2.54 Lakh,2014,"10,000 km",,,,,₹2.54 Lakh,"10,000 km",,Petrol,Manual,1st Owner
Maruti Suzuki Wagon R AMT VXI,https://www.cardekho.com/used-car-details/used-Maruti-wagon-r-amt-vxi-cars-Kolkata_8e2415af-1b0f-4276-8fd1-930e3ce98fdd.htm,2.85 Lakh,2019,"40,000 km",,,,,₹2.85 Lakh,"40,000 km","EMI from ₹7,074/mo",Petrol,Automatic,3rd Owner
Honda City V MT,https://www.cardekho.com/used-car-details/used-Honda-city-v-mt-cars-Kolkata_51c59e4c-6b98-4b34-b9d6-84c67b8bec82.htm,5.99L,2020,"28,000 kms",Petrol,Manual,"Bhowanipore, Kolkata","AI Expert
BELOW MARKET
1st owner, 28k km — documents are clean on this City.
Honda City holds strong resale value — easy to sell when you upgrade.
Read full report",₹5.99 Lakh,"28,000 km
Below avg","EMI from ₹14,871/mo",Petrol,Manual,1st Owner
Maruti Suzuki Baleno 1.2 Delta,https://www.cardekho.com/used-car-details/used-Maruti-baleno-12-delta-cars-Kolkata_f17f14f6-4503-4299-b863-ef12de47c756.htm,3.85L,2018,"38,000 kms",Petrol,Manual,"Garia Bt, Kolkata","AI Expert
GREAT PRICE
1st owner, 38k km — ownership looks clean on this Baleno.
Simple to run, easy to park.
Read full report",₹3.85 Lakh,"38,000 km
Below avg","EMI from ₹9,556/mo",Petrol,Manual,1st Owner
Honda City VX MT,https://www.cardekho.com/used-car-details/used-Honda-city-vx-mt-cars-Kolkata_0d8e7e8c-82da-4485-a5cf-8b4deff06a44.htm,6.99L,2021,"33,000 kms",Petrol,Manual,"Kalighat, Kolkata","AI Expert
GREAT PRICE
2nd owner, 33k km — key checks pass on this City.
Honda City holds strong resale value — easy to sell when you upgrade.
Read full report",₹6.99 Lakh,"33,000 km
Below avg","EMI from ₹17,350/mo",Petrol,Manual,2nd Owner
Jeep Meridian Limited Opt AT 4x4 BSVI,https://www.cardekho.com/used-car-details/used-Jeep-meridian-limited-opt-at-4x4-bsvi-cars-Kolkata_ef942e41-6366-428e-96e3-421d1385abd4.htm?adId=33119&adType=41,28L,2023,"50,000 kms",Diesel,Automatic,"Elliot Road, Kolkata","AI Expert
FAIR PRICE
2nd owner, 50k km — papers are clean on this Meridian.
Read the full verdict before you decide.
Read full report",₹28 Lakh,"50,000 km","EMI from ₹69,497/mo",Diesel,Automatic,2nd Owner
Skoda Slavia 1.5 TSI Style AT BSVI,https://www.cardekho.com/used-car-details/used-Skoda-slavia-15-tsi-style-at-bsvi-cars-Kolkata_9e4cfe67-aadc-498f-9343-399fec35ef3d.htm,10L,2022,"23,787 kms",Petrol,Automatic,"Airport Po, Kolkata","AI Expert
GREAT PRICE
1st owner, 24k km — records look solid on this Slavia.
Skoda service is easy to find.
Read full report",₹10 Lakh,"23,787 km
Below avg","EMI from ₹24,821/mo",Petrol,Automatic,1st Owner
Maruti Suzuki Vitara Brezza ZDi Plus Dual Tone,https://www.cardekho.com/used-car-details/used-Maruti-vitara-brezza-zdi-plus-dual-tone-cars-Kolkata_4a5fc93b-cf87-48a3-ac31-f7170416f8e7.htm,5.50L,2019,"54,000 kms",Diesel,Manual,"Sarat Bose Road, Kolkata","AI Expert
GREAT PRICE
2nd owner, 54k km — records look solid for this Vitara Brezza.
Price dropped ₹39k — now at ₹5.5L.
Read full report",₹5.50 Lakh,"54,000 km","EMI from ₹13,652/mo",Diesel,Manual,2nd Owner
Honda City ZX CVT,https://www.cardekho.com/used-car-details/used-Honda-city-zx-cvt-cars-Kolkata_4aa8d5b0-3a30-480e-bfcf-d233357ce2fb.htm,7.99L,2022,"17,000 kms",Petrol,Automatic,"Kalighat, Kolkata","AI Expert
BELOW MARKET
1st owner, 17k km — history is traceable on this City.
Only 17k km — lower than 88% of similar Citys on CarDekho.
Read full report",₹7.99 Lakh,"17,000 km
Below avg","EMI from ₹19,832/mo",Petrol,Automatic,1st Owner
Volkswagen Polo GT TSI,https://www.cardekho.com/used-car-details/used-Volkswagen-polo-gt-tsi-cars-Kolkata_318977b3-ebde-4f1e-ab77-bde8c48915d6.htm?adId=31241&adType=41,5.50L,2018,"70,000 kms",Petrol,Automatic,"Dakshindari Road, Ghoshpara, Lake Town, Kolkata","AI Expert
FAIR PRICE
3rd owner, 70k km, no tampering on this Polo GT TSI.
Simple to run, easy to park.
Read full report",₹5.50 Lakh,"70,000 km","EMI from ₹13,652/mo",Petrol,Automatic,3rd Owner
Hyundai Tucson GLS AT,https://www.cardekho.com/used-car-details/used-Hyundai-tucson-gls-at-cars-Kolkata_b4195f4e-d5a4-47fd-8172-0e6f36e933be.htm,14L,2022,"34,148 kms",Petrol,Automatic,"Airport Po, Kolkata","AI Expert
GREAT PRICE
1st owner, 34k km, no accident — history is traceable on this Tucson.
Hyundai has a wide service network across India.
Read full report",₹14 Lakh,"34,148 km
Below avg","EMI from ₹34,749/mo",Petrol,Automatic,1st Owner
Honda CR-V 2.4 MT,https://www.cardekho.com/used-car-details/used-Honda-cr-v-24-mt-cars-Kolkata_5cf54f98-0d1c-42a1-aaff-d8dc025289ca.htm,2.80L,2007,"75,000 kms",Petrol,Manual,"Ballygunge, Kolkata","AI Expert
GREAT PRICE
2nd owner, 75k km — history looks solid on this CR-V.
Honda engines are known to last well over high km.
Read full report",₹2.80 Lakh,"75,000 km",,Petrol,Manual,2nd Owner
Honda City i-VTEC SV,https://www.cardekho.com/used-car-details/used-Honda-city-i-vtec-sv-cars-Kolkata_6ac43f85-8668-4687-af88-3ef9e0d5b4b2.htm,4.58L,2019,"41,605 kms",Petrol,Manual,"University, Kolkata","AI Expert
GREAT PRICE
1st owner, 42k km — papers are clean on this City.
Price dropped ₹40k — now at ₹4.6L.
Read full report",₹4.58 Lakh,"41,605 km
Below avg","EMI from ₹11,368/mo",Petrol,Manual,1st Owner
Maruti Suzuki Zen Estilo LXI,https://www.cardekho.com/used-car-details/used-Maruti-zen-estilo-lxi-cars-Kolkata_276458b4-404f-4a65-9935-9f7ae07f9d86.htm?adId=33059&adType=41,1.25L,2012,"50,000 kms",Petrol,Manual,"Garia Bt, Kolkata","AI Expert
BELOW MARKET
1st owner, 50k km — key checks pass on this Zen Estilo.
Maruti service is available in almost every city and town.
Read full report",₹1.25 Lakh,"50,000 km",,Petrol,Manual,1st Owner
Hyundai Alcazar Platinum AE Turbo 7Str,https://www.cardekho.com/used-car-details/used-Hyundai-alcazar-platinum-ae-turbo-7str-cars-Kolkata_91235a2b-a2f7-473c-b99a-c037319c08b4.htm,13.55L,2023,"26,064 kms",Petrol,Manual,"E.K.T, Kolkata","AI Expert
GREAT PRICE
1st owner, 26k km — records look solid on this Alcazar.
300-point inspection done. Warranty included.
Read full report",₹13.55 Lakh,"26,064 km
Below avg","EMI from ₹33,632/mo",Petrol,Manual,1st Owner
Toyota Corolla Altis G MT,https://www.cardekho.com/used-car-details/used-Toyota-corolla-altis-g-mt-cars-Kolkata_845acac0-0a79-438f-873a-cec14e4da183.htm,4.99L,2017,"70,000 kms",Petrol,Manual,"Kalighat, Kolkata","AI Expert
GREAT PRICE
1st owner, 70k km — documents are clean on this Corolla Altis.
Toyota's reliability reputation makes it a strong .
Read full report",₹4.99 Lakh,"70,000 km","EMI from ₹15,459/mo",Petrol,Manual,1st Owner
Maruti Suzuki Swift VXI,https://www.cardekho.com/used-car-details/used-Maruti-swift-vxi-cars-Kolkata_80567d4d-603e-495e-acee-77812b176c04.htm,2.15L,2012,"55,000 kms",Petrol,Manual,"Kalighat, Kolkata","AI Expert
BELOW MARKET
1st owner, 55k km — key checks pass on this Swift.
Simple to run, easy to park.
Read full report",₹2.15 Lakh,"55,000 km",,Petrol,Manual,1st Owner
Nissan Magnite Turbo XV BSVI,https://www.cardekho.com/used-car-details/used-Nissan-magnite-turbo-xv-bsvi-cars-Kolkata_a5fdbd4b-d911-40eb-837a-d349650b334b.htm?adId=32804&adType=41,4.99L,2022,"43,000 kms",Petrol,Manual,"J.b.s, Kolkata","AI Expert
BELOW MARKET
1st owner, 43k km — papers are clean on this Magnite.
Nissan Magnite offers a feature-rich cabin for its price segment.
Read full report",₹4.99 Lakh,"43,000 km
Below avg","EMI from ₹12,386/mo",Petrol,Manual,1st Owner
Volkswagen Taigun 1.5 TSI GT Plus DSG,https://www.cardekho.com/used-car-details/used-Volkswagen-taigun-15-tsi-gt-plus-dsg-cars-Kolkata_bd68c9af-17cf-437e-a1c4-e95b07d75ad3.htm,8.99L,2022,"50,000 kms",Petrol,Automatic,"Ghose Bagan, Kolkata","AI Expert
BELOW MARKET
1st owner, 50k km — papers are clean on this Taigun.
₹1.3L below what similar Taiguns sell for.
Read full report",₹8.99 Lakh,"50,000 km","EMI from ₹22,314/mo",Petrol,Automatic,1st Owner
Volvo S60 Cross Country D4 AWD BSIV,https://www.cardekho.com/used-car-details/used-Volvo-s60-cross-country-d4-awd-bsiv-cars-Kolkata_fe9a1f55-4688-4c6e-8407-1890de47ee75.htm,16.65L,2017,"66,452 kms",Diesel,Automatic,"Salt Lake City, Kolkata","AI Expert
GREAT PRICE
1st owner, 66k km — clean readings on this S60 Cross Country.
Read the full verdict before you decide.
Read full report",₹16.65 Lakh,"66,452 km","EMI from ₹51,580/mo",Diesel,Automatic,1st Owner
Maruti Suzuki Ertiga VXI,https://www.cardekho.com/used-car-details/used-Maruti-ertiga-vxi-cars-Kolkata_8da107ae-9358-4cfe-9f14-83be3dc07fcd.htm,3.15L,2013,"60,000 kms",Petrol,Manual,"Parnasree Pally, Kolkata","AI Expert
GREAT PRICE
4 owners, 60k km on this Ertiga — records look solid.
Maruti service is available in almost every city and town.
Read full report",₹3.15 Lakh,"60,000 km",,Petrol,Manual,4th Owner
Mahindra Scorpio S10 8 Seater,https://www.cardekho.com/used-car-details/used-Mahindra-scorpio-s10-8-seater-cars-Kolkata_75a3ac82-58d1-4b69-af6f-628b058c7a54.htm?adId=32927&adType=41,8.25L,2016,"38,000 kms",Diesel,Manual,"Bhowanipore, Kolkata","AI Expert
BELOW MARKET
1st owner, 38k km on this Scorpio — papers look clean.
Mahindra SUVs are built for Indian roads — rugged and reliable.
Read full report",₹8.25 Lakh,"38,000 km","EMI from ₹35,831/mo",Diesel,Manual,1st Owner
Hyundai Creta 1.4 E Plus,https://www.cardekho.com/used-car-details/used-Hyundai-creta-14-e-plus-cars-Kolkata_5e64f16d-466b-4305-90c4-1e6d91585039.htm,5.99L,2017,"62,706 kms",Diesel,Manual,"Salt Lake City, Kolkata","AI Expert
ABOVE MARKET
1st owner, 63k km on this Creta — documents are clean.
Creta holds resale value well — a strong reason to move now.
Read full report",₹5.99 Lakh,"62,706 km","EMI from ₹18,557/mo",Diesel,Manual,1st Owner
MG Hector Plus Sharp Pro Diesel 2023-2025,https://www.cardekho.com/used-car-details/used-Mg-hector-plus-sharp-pro-diesel-2023-2025-cars-Kolkata_60a65104-5d30-40ba-ba50-36233d25ed3f.htm,17L,2024,"12,307 kms",Diesel,Manual,"Airport Po, Kolkata","AI Expert
GREAT PRICE
1st owner, 12k km — ownership is clean on this Hector Plus.
2 year old, only 12k km — near-new in every sense.
Read full report",₹17 Lakh,"12,307 km
Below avg","EMI from ₹42,195/mo",Diesel,Manual,1st Owner
Maruti Suzuki Ignis 1.2 Zeta BSIV,https://www.cardekho.com/used-car-details/used-Maruti-ignis-12-zeta-bsiv-cars-Kolkata_605ff5a4-9520-4986-bfcb-844d0b9d1c2d.htm,3.95L,2018,"42,000 kms",Petrol,Manual,"Kalighat, Kolkata","AI Expert
FAIR PRICE
2nd owner, 42k km, verified fitness — records look solid on this Ignis.
Maruti service is available in almost every city and town.
Read full report",₹3.95 Lakh,"42,000 km","EMI from ₹9,804/mo",Petrol,Manual,2nd Owner
Hyundai Santro Sportz BSIV,https://www.cardekho.com/used-car-details/used-Hyundai-santro-sportz-bsiv-cars-Kolkata_47c01548-ce12-44dd-a1b0-2203fe9ad666.htm?adId=32944&adType=41,3.05L,2019,"30,000 kms",Petrol,Manual,"Sector III, Bidhannagar, Kolkata","AI Expert
GREAT PRICE
2nd owner, no accident, 30k km — records look solid on this Santro.
Simple to run, easy to park.
Read full report",₹3.05 Lakh,"30,000 km","EMI from ₹7,571/mo",Petrol,Manual,2nd Owner
Volkswagen Taigun 1.0 Topline,https://www.cardekho.com/used-car-details/used-Volkswagen-taigun-10-topline-cars-Kolkata_31b0abc9-7167-497b-8f38-e3a9c45d7b0d.htm,9.50L,2023,"41,622 kms",Petrol,Manual,"Airport Po, Kolkata","AI Expert
GREAT PRICE
2nd owner, 42k km — records look solid on this Taigun.
Comprehensive insurance — valid till March 2027.
Read full report",₹9.50 Lakh,"41,622 km","EMI from ₹23,583/mo",Petrol,Manual,2nd Owner
Maruti Suzuki Baleno Zeta,https://www.cardekho.com/used-car-details/used-Maruti-baleno-zeta-cars-Kolkata_ceff0389-889e-4b2c-951e-2c849ec0b684.htm,4.73L,2020,"56,000 kms",Petrol,Manual,"Garia Bt, Kolkata","AI Expert
GREAT PRICE
2nd owner, no accident — 56k km on this Baleno.
Simple to run, easy to park.
Read full report",₹4.73 Lakh,"56,000 km","EMI from ₹11,740/mo",Petrol,Manual,2nd Owner
Renault KWID 1.0 RXT BSIV,https://www.cardekho.com/used-car-details/used-Renault-kwid-10-rxt-bsiv-cars-Kolkata_e5d5a80a-5169-4fe9-92c7-677408fa03ab.htm,2.25L,2019,"22,000 kms",Petrol,Manual,"Ballygunge, Kolkata","AI Expert
BELOW MARKET
2nd owner, 22k km — key checks pass on this KWID.
Simple to run, easy to park.
Read full report",₹2.25 Lakh,"22,000 km
Below avg","EMI from ₹5,585/mo",Petrol,Manual,2nd Owner
Kia Seltos HTX Plus Turbo DCT,https://www.cardekho.com/used-car-details/used-Kia-seltos-htx-plus-turbo-dct-cars-Kolkata_0e11b48e-7260-483d-9087-6b6b1a6de38e.htm?adId=24952&adType=41,14.20L,2024,"20,000 kms",Petrol,Automatic,"Kasba, Kolkata","AI Expert
GREAT PRICE
1st owner, 20k km — documents are clean on this Seltos.
Only 2 years old — near-new condition at used-car pricing.
Read full report",₹14.20 Lakh,"20,000 km
Below avg","EMI from ₹35,245/mo",Petrol,Automatic,1st Owner
Skoda Octavia 1.8 TSI AT Style,https://www.cardekho.com/used-car-details/used-Skoda-octavia-18-tsi-at-style-cars-Kolkata_4fb8ed05-3549-42b7-ae85-ac329d5dad0a.htm,10.25L,2019,"61,587 kms",Petrol,Automatic,"Salt Lake City, Kolkata","AI Expert
GREAT PRICE
1st owner, 62k km — ownership and odometer look solid on this Octavia.
Skoda Superb offers executive-level cabin quality at used-car pricing.
Read full report",₹10.25 Lakh,"61,587 km","EMI from ₹25,441/mo",Petrol,Automatic,1st Owner
Kia Seltos GTX Plus,https://www.cardekho.com/buy-used-car-details/used-Kia-seltos-gtx-plus-cars-Kolkata_f3be209b-34a3-4ab3-b376-ae523bb13793.htm,9.58L,2022,"88,007 kms",Petrol,Manual,"E.K.T, Kolkata","AI Expert
GREAT PRICE
1st owner, 88k km — records look solid on this Seltos.
300-point inspection done. Warranty included.
Read full report",₹9.58 Lakh,"88,007 km","EMI from ₹23,768/mo",Petrol,Manual,1st Owner
Nissan Magnite XE,https://www.cardekho.com/used-car-details/used-Nissan-magnite-xe-cars-Kolkata_ffeded65-668b-45e0-b5c3-1bdd8e1c1e58.htm,4.30L,2023,"60,000 kms",Petrol,Manual,"Garia, Kolkata","AI Expert
GREAT PRICE
1st owner, 60k km — history is traceable on this Magnite.
Simple to run, easy to park.
Read full report",₹4.30 Lakh,"60,000 km","EMI from ₹10,673/mo",Petrol,Manual,1st Owner
Maruti Suzuki Wagon R VXI BS IV,https://www.cardekho.com/used-car-details/used-Maruti-wagon-r-vxi-bs-iv-cars-Kolkata_0a373650-2ef0-48be-b34b-aa858b12b0f2.htm?adId=33057&adType=41,1.95L,2014,"50,000 kms",Petrol,Manual,"Garia Bt, Kolkata","AI Expert
GREAT PRICE
2nd owner, 50k km on this Wagon R — records look solid.
Simple to run, easy to park.
Read full report",₹1.95 Lakh,"50,000 km",,Petrol,Manual,2nd Owner
Toyota Innova 2.5 VX (Diesel) 8 Seater BS IV,https://www.cardekho.com/used-car-details/used-Toyota-innova-25-vx-diesel-8-seater-bs-iv-cars-Kolkata_e1045150-7bd8-4ad6-b0f3-4e714abb79da.htm,6.80L,2015,"37,000 kms",Diesel,Manual,"Alipore, Kolkata","AI Expert
BELOW MARKET
1st owner, 37k km, no accident — papers are clean on this Innova.
₹1.4L below what similar Innovas sell for.
Read full report",₹6.80 Lakh,"37,000 km","EMI from ₹55,094/mo",Diesel,Manual,1st Owner
Toyota Glanza G,https://www.cardekho.com/used-car-details/used-Toyota-glanza-g-cars-Kolkata_ea10ec4f-2981-4ffd-bb08-c53e86dfdef9.htm,4.99L,2020,"41,082 kms",Petrol,Manual,"Sarat Bose Road, Kolkata","AI Expert
BELOW MARKET
1st owner, 41k km — documents are clean on this Glanza.
Price dropped ₹31k — now at ₹5L.
Read full report",₹4.99 Lakh,"41,082 km","EMI from ₹12,386/mo",Petrol,Manual,1st Owner
Hyundai i20 Sportz,https://www.cardekho.com/used-car-details/used-Hyundai-i20-sportz-cars-Kolkata_7a4bef01-5cd0-4378-b036-27b1a5fc3f3f.htm,7.50L,2026,"10,000 kms",Petrol,Manual,"Mall Road, Kolkata","AI Expert
GREAT PRICE
1st owner, no accident, 10k km — documents look clean on this i20.
Only 10k km — lower than 96% of similar i20s on CarDekho.
Read full report",₹7.50 Lakh,"10,000 km
Below avg","EMI from ₹18,616/mo",Petrol,Manual,1st Owner
Jaguar XF 2.0 Petrol Portfolio,https://www.cardekho.com/used-car-details/used-Jaguar-xf-20-petrol-portfolio-cars-Kolkata_3889bae5-ad51-438f-ac50-74f9142a7075.htm?adId=32131&adType=41,16L,2017,"40,000 kms",Petrol,Automatic,"Canal Circular Road, Phool Bagan, Kankurgachi, Kolkata","AI Expert
GREAT PRICE
4th owner, no accident, 40k km — records are clear on this XF.
Simple to run, easy to park.
Read full report",₹16 Lakh,"40,000 km","EMI from ₹49,567/mo",Petrol,Automatic,4th Owner
Maruti Suzuki S-Presso VXi Plus (O),https://www.cardekho.com/used-car-details/used-Maruti-s-presso-vxi-plus-o-cars-Kolkata_d953222b-5ccc-41e1-be4f-4a836b4bf2f6.htm,4.25L,2022,"10,526 kms",Petrol,Manual,"E.K.T, Kolkata","AI Expert
GREAT PRICE
1st owner, 11k km — records look solid on this S-Presso.
Only 11k km — lower than 88% of similar S-Pressos on CarDekho.
Read full report",₹4.25 Lakh,"10,526 km
Below avg","EMI from ₹10,549/mo",Petrol,Manual,1st Owner
Honda Jazz 1.2 V i VTEC,https://www.cardekho.com/used-car-details/used-Honda-jazz-12-v-i-vtec-cars-Kolkata_a7b3ccf8-331b-476d-8a07-39a82697856e.htm,4L,2017,"90,000 kms",Petrol,Manual,"Park Street H.O, Kolkata","AI Expert
ABOVE MARKET
1st owner, 90k km — key checks pass on this Jazz.
Honda engines are known to last well over high km.
Read full report",₹4 Lakh,"90,000 km","EMI from ₹12,392/mo",Petrol,Manual,1st Owner
Maruti Suzuki Swift VXI,https://www.cardekho.com/buy-used-car-details/used-Maruti-swift-vxi-cars-Kolkata_10f4befb-2a9f-4de1-9adf-1b99f07355f1.htm,2.44L,2012,"49,469 kms",Petrol,Manual,"Airport Po, Kolkata","AI Expert
GREAT PRICE
1st owner, 49k km — documents look clean on this Swift.
300-point inspection done. Warranty included.
Read full report",₹2.44 Lakh,"49,469 km",,Petrol,Manual,1st Owner
Hyundai Verna SX,https://www.cardekho.com/used-car-details/used-Hyundai-verna-sx-cars-Kolkata_a8631b74-b794-454c-8b15-22648e6db5e6.htm?adId=31023&adType=41,7.99L,2021,"22,000 kms",Petrol,Manual,"Bhowanipore, Kolkata","AI Expert
GREAT PRICE
1st owner, 22k km — history looks solid on this Verna.
Hyundai has a wide service network across India.
Read full report",₹7.99 Lakh,"22,000 km
Below avg","EMI from ₹19,835/mo",Petrol,Manual,1st Owner
Kia Carens Prestige Plus Turbo DCT 2022-2023,https://www.cardekho.com/buy-used-car-details/used-Kia-carens-prestige-plus-turbo-dct-2022-2023-cars-Kolkata_2e737f28-e01a-4ce3-886c-f8d4e1b46160.htm,11.98L,2023,"5,900 kms",Petrol,Automatic,"Airport Po, Kolkata","AI Expert
GREAT PRICE
1st owner, 6k km — documents are clean on this Carens.
300-point inspection done. Warranty included.
Read full report",₹11.98 Lakh,"5,900 km
Below avg","EMI from ₹29,732/mo",Petrol,Automatic,1st Owner
Audi Q3 30 TFSI Premium FWD,https://www.cardekho.com/used-car-details/used-Audi-q3-30-tfsi-premium-fwd-cars-Kolkata_014a3093-c8dd-456a-9348-190df10a15d1.htm,14L,2017,"35,216 kms",Petrol,Automatic,"Airport Po, Kolkata","AI Expert
GREAT PRICE
1st owner, 35k km — documents are clean on this Audi Q3.
Audi cabin quality — premium materials and a digital cockpit.
Read full report",₹14 Lakh,"35,216 km
Below avg","EMI from ₹43,371/mo",Petrol,Automatic,1st Owner
Tata Indica V2 LS,https://www.cardekho.com/used-car-details/used-Tata-indica-v2-ls-cars-Kolkata_d68e3513-9b9c-4ba0-9dca-323b3a4ed73e.htm,1L,2012,"68,532 kms",Diesel,Manual,"Kalikapur, Kolkata","AI Expert
GREAT PRICE
1st owner, 69k km — history looks clear on this Indica V2.
Simple to run, easy to park.
Read full report",₹1 Lakh,"68,532 km",,Diesel,Manual,1st Owner
Renault KWID 1.0 RXT 02 Anniversary Edition,https://www.cardekho.com/used-car-details/used-Renault-kwid-10-rxt-02-anniversary-edition-cars-Kolkata_d6d92127-e259-4bc7-83f8-1f5a18211acf.htm?adId=32802&adType=41,2.49L,2018,"37,000 kms",Petrol,Manual,"J.b.s, Kolkata","AI Expert
BELOW MARKET
1st owner, 37k km — history is traceable on this KWID.
Price dropped ₹16k — now at ₹2.5L.
Read full report",₹2.49 Lakh,"37,000 km","EMI from ₹6,181/mo",Petrol,Manual,1st Owner
Maruti Suzuki Alto K10 VXI,https://www.cardekho.com/used-car-details/used-Maruti-alto-k10-vxi-cars-Kolkata_4d9834c4-7761-4af5-8963-485649bcb0d4.htm,2.07L,2014,"11,031 kms",Petrol,Manual,"E.K.T, Kolkata","AI Expert
GREAT PRICE
1st owner, 11k km — history is clear on this Alto K10.
Only 11k km — lower than 90% of similar Alto K10s on CarDekho.
Read full report",₹2.07 Lakh,"11,031 km
Below avg",,Petrol,Manual,1st Owner
Hyundai Tucson Signature AT,https://www.cardekho.com/buy-used-car-details/used-Hyundai-tucson-signature-at-cars-Kolkata_66a91fb8-62f3-464b-b25e-3e73ff896714.htm,18.91L,2023,"24,825 kms",Petrol,Automatic,"Airport Po, Kolkata","AI Expert
GREAT PRICE
2nd owner, 25k km — papers look clean on this Tucson.
Only 25k km — lower than 90% of similar Tucsons on CarDekho.
Read full report",₹18.91 Lakh,"24,825 km
Below avg","EMI from ₹46,925/mo",Petrol,Automatic,2nd Owner
Renault Kiger RXZ Turbo CVT DT,https://www.cardekho.com/used-car-details/used-Renault-kiger-rxz-turbo-cvt-dt-cars-Kolkata_82d998ca-0b67-46f4-bac9-3c10b5215b50.htm,6.85L,2021,"23,333 kms",Petrol,Automatic,"E.K.T, Kolkata","AI Expert
GREAT PRICE
1st owner, 23k km — papers are clean on this Kiger.
Only 23k km — lower than 88% of similar Kigers on CarDekho.
Read full report",₹6.85 Lakh,"23,333 km
Below avg","EMI from ₹17,002/mo",Petrol,Automatic,1st Owner
Mahindra XUV500 AT W10 FWD,https://www.cardekho.com/used-car-details/used-Mahindra-xuv500-at-w10-fwd-cars-Kolkata_ebea6311-80c6-467e-8585-7832775ad19d.htm?adId=32089&adType=41,6.90L,2016,"74,000 kms",Diesel,Automatic,"Baranagar, Kolkata","AI Expert
GREAT PRICE
2nd owner, 74k km, fitness verified — records look solid on this XUV500.
Mahindra SUVs are built for Indian roads — rugged and reliable.
Read full report",₹6.90 Lakh,"74,000 km","EMI from ₹29,963/mo",Diesel,Automatic,2nd Owner
Maruti Suzuki Alto 800 LXi,https://www.cardekho.com/used-car-details/used-Maruti-alto-800-lxi-cars-Kolkata_8979a27c-0818-4fa2-aba3-d10fddb0f114.htm,2.19L,2016,"61,844 kms",Petrol,Manual,"E.K.T, Kolkata","AI Expert
GREAT PRICE
1st owner, 62k km — insurance flagged on this Alto 800.
300-point inspection done. Warranty included.
Read full report",₹2.19 Lakh,"61,844 km","EMI from ₹9,510/mo",Petrol,Manual,1st Owner
Chevrolet Spark 1.0 LT,https://www.cardekho.com/used-car-details/used-Chevrolet-spark-10-lt-cars-Kolkata_bc40d69c-b7dc-4c61-a4af-96a6ee5bb428.htm,1.10L,2011,"30,033 kms",Petrol,Manual,"Beleghata, Kolkata","AI Expert
ABOVE MARKET
3-owner, 30k km Spark — papers are clean on this one.
Chevrolet exited India in 2017 — confirm parts availability before buying.
Read full report",₹1.10 Lakh,"30,033 km
Below avg",,Petrol,Manual,3rd Owner
Mahindra XUV 3XO AX5,https://www.cardekho.com/used-car-details/used-Mahindra-xuv-3xo-ax5-cars-Kolkata_6a5d5d45-507e-4afd-a168-cd5eff601548.htm,8.99L,2024,"9,500 kms",Petrol,Manual,"Bhowanipore, Kolkata","AI Expert
GREAT PRICE
1st owner, 10k km — history looks solid on this XUV 3XO.
2 year old, only 10k km — near-new in every sense.
Read full report",₹8.99 Lakh,"9,500 km
Below avg","EMI from ₹22,317/mo",Petrol,Manual,1st Owner
Hyundai i20 1.2 Magna Executive,https://www.cardekho.com/used-car-details/used-Hyundai-i20-12-magna-executive-cars-Kolkata_bef2fc87-cae3-4431-82b9-92a92360042d.htm?adId=32584&adType=41,3.75L,2018,"1,14,000 kms",Petrol,Manual,Kolkata,"AI Expert
FAIR PRICE
1st owner, no tampering, 114k km — records look solid on this i20.
Simple to run, easy to park.
Read full report",₹3.75 Lakh,"1,14,000 km","EMI from ₹9,308/mo",Petrol,Manual,1st Owner
Maruti Suzuki Baleno 1.2 Delta,https://www.cardekho.com/used-car-details/used-Maruti-baleno-12-delta-cars-Kolkata_f17f14f6-4503-4299-b863-ef12de47c756.htm,3.85L,2018,"38,000 kms",Petrol,Manual,"Garia Bt, Kolkata","AI Expert
GREAT PRICE
1st owner, 38k km — ownership looks clean on this Baleno.
Simple to run, easy to park.
Read full report",₹3.85 Lakh,"38,000 km
Below avg","EMI from ₹9,556/mo",Petrol,Manual,1st Owner
Skoda Slavia 1.5 TSI Style AT BSVI,https://www.cardekho.com/used-car-details/used-Skoda-slavia-15-tsi-style-at-bsvi-cars-Kolkata_9e4cfe67-aadc-498f-9343-399fec35ef3d.htm,10L,2022,"23,787 kms",Petrol,Automatic,"Airport Po, Kolkata","AI Expert
GREAT PRICE
1st owner, 24k km — records look solid on this Slavia.
Skoda service is easy to find.
Read full report",₹10 Lakh,"23,787 km
Below avg","EMI from ₹24,821/mo",Petrol,Automatic,1st Owner
Volkswagen Taigun 1.5 TSI GT Plus DSG,https://www.cardekho.com/used-car-details/used-Volkswagen-taigun-15-tsi-gt-plus-dsg-cars-Kolkata_bd68c9af-17cf-437e-a1c4-e95b07d75ad3.htm,8.99L,2022,"50,000 kms",Petrol,Automatic,"Ghose Bagan, Kolkata","AI Expert
BELOW MARKET
1st owner, 50k km — papers are clean on this Taigun.
₹1.3L below what similar Taiguns sell for.
Read full report",₹8.99 Lakh,"50,000 km","EMI from ₹22,314/mo",Petrol,Automatic,1st Owner
Kia Seltos HTX Plus Turbo DCT,https://www.cardekho.com/used-car-details/used-Kia-seltos-htx-plus-turbo-dct-cars-Kolkata_0e11b48e-7260-483d-9087-6b6b1a6de38e.htm?adId=24952&adType=41,14.20L,2024,"20,000 kms",Petrol,Automatic,"Kasba, Kolkata","AI Expert
GREAT PRICE
1st owner, 20k km — documents are clean on this Seltos.
Only 2 years old — near-new condition at used-car pricing.
Read full report",₹14.20 Lakh,"20,000 km
Below avg","EMI from ₹35,245/mo",Petrol,Automatic,1st Owner
Hyundai Creta SX BSVI,https://www.cardekho.com/used-car-details/used-Hyundai-creta-sx-bsvi-cars-Kolkata_840aa404-4baf-4b57-99c2-ae9c2d12fb81.htm,10.50L,2022,"13,000 kms",Petrol,Manual,"Alipore, Kolkata","AI Expert
GREAT PRICE
1st owner, 13k km — history is traceable on this Creta.
Only 13k km — lower than 86% of similar Cretas on CarDekho.
Read full report",₹10.50 Lakh,"13,000 km
Below avg","EMI from ₹26,062/mo",Petrol,Manual,1st Owner
Kia Sonet HTX Turbo iMT BSVI,https://www.cardekho.com/used-car-details/used-Kia-sonet-htx-turbo-imt-bsvi-cars-Kolkata_16943ee7-37b5-4077-9751-2f2cb3d21629.htm,7.15L,2022,"20,300 kms",Petrol,Manual,"Entally, Kolkata","AI Expert
BELOW MARKET
1st owner, 20k km — papers are clean on this Sonet.
Only 20k km — lower than 88% of similar Sonets on CarDekho.
Read full report",₹7.15 Lakh,"20,300 km
Below avg","EMI from ₹17,747/mo",Petrol,Manual,1st Owner
Maruti Suzuki Ertiga ZDI,https://www.cardekho.com/used-car-details/used-Maruti-ertiga-zdi-cars-Kolkata_7ec7fec7-f827-4ac8-8c7b-46c8c3398f7c.htm,3.15L,2012,"92,000 kms",Diesel,Manual,"Garia Bt, Kolkata","AI Expert
BELOW MARKET
2nd owner, 92k km — check the full verdict on this Ertiga.
Simple to run, easy to park.
Read full report",₹3.15 Lakh,"92,000 km",,Diesel,Manual,2nd Owner
Ford Ecosport 1.5 Petrol Titanium BSIV,https://www.cardekho.com/used-car-details/used-Ford-ecosport-15-petrol-titanium-bsiv-cars-Kolkata_925f0b5b-ce32-4185-a2d4-0caa0b08202c.htm?adId=32803&adType=41,4.99L,2018,"53,000 kms",Petrol,Manual,"J.b.s, Kolkata","AI Expert
GREAT PRICE
1st owner, 53k km — ownership and odometer checks pass on this Ecosport.
Ford exited India in 2021 — independent garages handle service now.
Read full report",₹4.99 Lakh,"53,000 km","EMI from ₹12,386/mo",Petrol,Manual,1st Owner
Mercedes-Benz A Class A180 CDI,https://www.cardekho.com/used-car-details/used-Mercedes-benz-a-class-a180-cdi-cars-Kolkata_02090b5d-84bd-4b43-be8b-5f670d1af189.htm,10L,2014,"40,000 kms",Diesel,Automatic,"Gobinda Khatick Road, Kolkata",,₹10 Lakh,"40,000 km",,Diesel,Automatic,2nd Owner
Volkswagen Polo 1.2 MPI Comfortline,https://www.cardekho.com/used-car-details/used-Volkswagen-polo-12-mpi-comfortline-cars-Kolkata_72ec2f1d-68f4-4538-960d-db0567a65fc8.htm,2.50L,2014,"1,10,000 kms",Petrol,Manual,"Kalighat, Kolkata",,₹2.50 Lakh,"1,10,000 km",,Petrol,Manual,1st Owner
Toyota Fortuner 2.8 4WD AT BSIV,https://www.cardekho.com/used-car-details/used-Toyota-fortuner-28-4wd-at-bsiv-cars-Kolkata_7844cecd-3a1a-4233-9dc0-58be23482017.htm,22L,2017,"1,20,000 kms",Diesel,Automatic,"Jodhpur Park, Kolkata",,₹22 Lakh,"1,20,000 km","EMI from ₹68,154/mo",Diesel,Automatic,1st Owner
Maruti Suzuki Eeco 5 Seater AC BSIV,https://www.cardekho.com/used-car-details/used-Maruti-eeco-5-seater-ac-bsiv-cars-Kolkata_cc059816-2f4b-447a-963f-306d0db9d39e.htm,2.54 Lakh,2014,"10,000 km",,,,,₹2.54 Lakh,"10,000 km",,Petrol,Manual,1st Owner
Maruti Suzuki Alto 800 LXI,https://www.cardekho.com/used-car-details/used-Maruti-alto-800-lxi-cars-Kolkata_474f95e2-375a-422a-9551-2ae6bfaf363b.htm,2.10 Lakh,2016,"35,925 km",,,,,₹2.10 Lakh,"35,925 km","EMI from ₹9,120/mo",Petrol,Manual,1st Owner
Maruti Suzuki Eeco 7 Seater STD (O),https://www.cardekho.com/used-car-details/used-Maruti-eeco-7-seater-std-o-cars-Kolkata_d57a6c0f-474d-406b-95cd-ae5484dd49d3.htm,4.50 Lakh,2022,"90,000 km",,,,,₹4.50 Lakh,"90,000 km","EMI from ₹11,170/mo",Petrol,Manual,1st Owner
Mercedes-Benz GL-Class 350 CDI Blue Efficiency,https://www.cardekho.com/used-car-details/used-Mercedes-benz-gl-class-350-cdi-blue-efficiency-cars-Kolkata_c8ac3194-07bb-4adb-ba2a-f564f25f2bee.htm,22 Lakh,2014,"1,03,000 km",,,,,₹22 Lakh,"1,03,000 km",,Diesel,Automatic,1st Owner
Maruti Suzuki Wagon R AMT VXI,https://www.cardekho.com/used-car-details/used-Maruti-wagon-r-amt-vxi-cars-Kolkata_8e2415af-1b0f-4276-8fd1-930e3ce98fdd.htm,2.85 Lakh,2019,"40,000 km",,,,,₹2.85 Lakh,"40,000 km","EMI from ₹7,074/mo",Petrol,Automatic,3rd Owner
Kia Seltos GTX Plus,https://www.cardekho.com/used-car-details/used-Kia-seltos-gtx-plus-cars-Kolkata_f4c17db5-05e2-4c9e-9dd8-36f540a27baa.htm,8.38L,2019,"30,000 kms",Petrol,Manual,"Kasba, Kolkata","AI Expert
BELOW MARKET
2nd owner, no accident — 30k km is normal for this Seltos.
Kia Seltos holds value well — a strong SUV resale pick.
Read full report",₹8.38 Lakh,"30,000 km
Below avg","EMI from ₹20,800/mo",Petrol,Manual,2nd Owner
Hyundai Creta 1.6 VTVT SX Plus,https://www.cardekho.com/used-car-details/used-Hyundai-creta-16-vtvt-sx-plus-cars-Kolkata_9a1da36c-318b-42eb-b08f-e34eebd771ee.htm,4.65L,2017,"55,000 kms",Petrol,Manual,"Ballygunge, Kolkata","AI Expert
BELOW MARKET
3rd owner, 55k km — key checks pass on this Creta.
Simple to run, easy to park.
Read full report",₹4.65 Lakh,"55,000 km","EMI from ₹14,406/mo",Petrol,Manual,3rd Owner
Maruti Suzuki Ciaz Zeta BSVI,https://www.cardekho.com/used-car-details/used-Maruti-ciaz-zeta-bsvi-cars-Kolkata_74cb926f-50d1-4ebe-8c25-72c534cc0376.htm,6.50L,2022,"52,000 kms",Petrol,Manual,"Ballygunge, Kolkata","AI Expert
GREAT PRICE
1st owner, 52k km — records look solid on this Ciaz.
Maruti service is available in almost every city and town.
Read full report",₹6.50 Lakh,"52,000 km","EMI from ₹16,134/mo",Petrol,Manual,1st Owner
Maruti Suzuki Wagon R VXI BS IV,https://www.cardekho.com/used-car-details/used-Maruti-wagon-r-vxi-bs-iv-cars-Kolkata_0a373650-2ef0-48be-b34b-aa858b12b0f2.htm?adId=33057&adType=41,1.95L,2014,"50,000 kms",Petrol,Manual,"Garia Bt, Kolkata","AI Expert
GREAT PRICE
2nd owner, 50k km on this Wagon R — records look solid.
Simple to run, easy to park.
Read full report",₹1.95 Lakh,"50,000 km",,Petrol,Manual,2nd Owner
Hyundai Grand i10 Magna,https://www.cardekho.com/used-car-details/used-Hyundai-grand-i10-magna-cars-Kolkata_3b1329cd-40a4-4c0b-ad8b-a18c4932beb7.htm,2.99L,2017,"26,000 kms",Petrol,Manual,"Baranagar, Kolkata","AI Expert
BELOW MARKET
1st owner, 26k km — key checks pass on this Grand i10.
Only 26k km — lower than 88% of similar Grand i10s on CarDekho.
Read full report",₹2.99 Lakh,"26,000 km
Below avg","EMI from ₹9,263/mo",Petrol,Manual,1st Owner
Honda CR-V 2.4 MT,https://www.cardekho.com/used-car-details/used-Honda-cr-v-24-mt-cars-Kolkata_5cf54f98-0d1c-42a1-aaff-d8dc025289ca.htm,2.80L,2007,"75,000 kms",Petrol,Manual,"Ballygunge, Kolkata","AI Expert
GREAT PRICE
2nd owner, 75k km — history looks solid on this CR-V.
Honda engines are known to last well over high km.
Read full report",₹2.80 Lakh,"75,000 km",,Petrol,Manual,2nd Owner
Hyundai i20 1.2 Asta Option,https://www.cardekho.com/used-car-details/used-Hyundai-i20-12-asta-option-cars-Kolkata_9ef849a4-6bab-49cf-bfd3-32cae40d50f1.htm,4.60L,2018,"33,000 kms",Petrol,Manual,"Jadavpur University, Kolkata","AI Expert
GREAT PRICE
1st owner, no accident, 33k km — history is traceable on this i20.
Price dropped ₹15k — now at ₹4.6L.
Read full report",₹4.60 Lakh,"33,000 km
Below avg","EMI from ₹11,409/mo",Petrol,Manual,1st Owner
MG Hector Savvy Pro CVT 2023-2025,https://www.cardekho.com/used-car-details/used-Mg-hector-savvy-pro-cvt-2023-2025-cars-Kolkata_0738896b-a32f-4976-8e28-5ea28b5e4267.htm?adId=30978&adType=41,14.50L,2023,"27,000 kms",Petrol,Automatic,"Ballygunge, Kolkata","AI Expert
BELOW MARKET
1st owner, 27k km — history is clear on this Hector.
₹2.1L below what similar Hectors sell for.
Read full report",₹14.50 Lakh,"27,000 km
Below avg","EMI from ₹35,990/mo",Petrol,Automatic,1st Owner
Maruti Suzuki Swift ZXI BSVI,https://www.cardekho.com/used-car-details/used-Maruti-swift-zxi-bsvi-cars-Kolkata_1db1ffdc-a684-4886-9a15-2db11acad389.htm,5L,2021,"10,000 kms",Petrol,Manual,"Bonhooghly, Kolkata","AI Expert
BELOW MARKET
2nd owner, 10k km — key checks pass on this Swift.
Simple to run, easy to park.
Read full report",₹5 Lakh,"10,000 km
Below avg","EMI from ₹12,411/mo",Petrol,Manual,2nd Owner
Honda New Accord 2.4 M/T,https://www.cardekho.com/used-car-details/used-Honda-new-accord-24-mt-cars-Kolkata_01b44c97-8977-4d18-a6e3-e9158af917b1.htm,2.97L,2012,"49,000 kms",Petrol,Manual,"Sarat Bose Road, Kolkata","AI Expert
GREAT PRICE
1st owner, 49k km — records look solid on this New Accord.
Honda engines are known to last well over high km.
Read full report",₹2.97 Lakh,"49,000 km
Below avg",,Petrol,Manual,1st Owner
Hyundai i10 Asta 1.2 AT with Sunroof,https://www.cardekho.com/used-car-details/used-Hyundai-i10-asta-12-at-with-sunroof-cars-Kolkata_c19568bf-e336-4d22-bad8-d90a79f436d6.htm,7.65L,2023,"19,206 kms",Petrol,Automatic,"University, Kolkata","AI Expert
GREAT PRICE
1st owner, 19k km — papers are clean on this i10.
300-point inspection done. Warranty included.
Read full report",₹7.65 Lakh,"19,206 km
Below avg","EMI from ₹18,984/mo",Petrol,Automatic,1st Owner
Nissan Magnite Turbo XV BSVI,https://www.cardekho.com/used-car-details/used-Nissan-magnite-turbo-xv-bsvi-cars-Kolkata_a5fdbd4b-d911-40eb-837a-d349650b334b.htm?adId=32804&adType=41,4.99L,2022,"43,000 kms",Petrol,Manual,"J.b.s, Kolkata","AI Expert
BELOW MARKET
1st owner, 43k km — papers are clean on this Magnite.
Nissan Magnite offers a feature-rich cabin for its price segment.
Read full report",₹4.99 Lakh,"43,000 km
Below avg","EMI from ₹12,386/mo",Petrol,Manual,1st Owner
Hyundai Exter SX Opt Connect DT AMT,https://www.cardekho.com/used-car-details/used-Hyundai-exter-sx-opt-connect-dt-amt-cars-Kolkata_f7025551-3328-48d3-9db8-e6c0be8fa87a.htm,6.85L,2023,"26,000 kms",Petrol,Automatic,"Ballygunge, Kolkata","AI Expert
BELOW MARKET
1st owner, 26k km — history is clear on this Exter.
Hyundai has a wide service network across India.
Read full report",₹6.85 Lakh,"26,000 km
Below avg","EMI from ₹17,002/mo",Petrol,Automatic,1st Owner
Tata Altroz XT Dark Edition,https://www.cardekho.com/used-car-details/used-Tata-altroz-xt-dark-edition-cars-Kolkata_5bc41d84-b695-4382-ae5b-fab83888045b.htm,5.25L,2023,"55,500 kms",Petrol,Manual,"Bhawanipore, Kolkata","AI Expert
GREAT PRICE
1st owner, 56k km — key checks pass on this Altroz.
Simple to run, easy to park.
Read full report",₹5.25 Lakh,"55,500 km","EMI from ₹13,031/mo",Petrol,Manual,1st Owner
Jeep Compass 2.0 Limited Opt Diesel BSVI,https://www.cardekho.com/used-car-details/used-Jeep-compass-20-limited-opt-diesel-bsvi-cars-Kolkata_adec372b-7af0-45e3-ac59-1ed2dd8e4c3c.htm,10.50L,2021,"1,15,000 kms",Diesel,Manual,Kolkata,"AI Expert
GREAT PRICE
2nd owner, 115k km, no accident — key checks pass on this Compass.
Jeep Compass brings genuine off-road capability to the SUV space.
Read full report",₹10.50 Lakh,"1,15,000 km","EMI from ₹26,062/mo",Diesel,Manual,2nd Owner
Volkswagen Polo GT TSI,https://www.cardekho.com/used-car-details/used-Volkswagen-polo-gt-tsi-cars-Kolkata_318977b3-ebde-4f1e-ab77-bde8c48915d6.htm?adId=31241&adType=41,5.50L,2018,"70,000 kms",Petrol,Automatic,"Dakshindari Road, Ghoshpara, Lake Town, Kolkata","AI Expert
FAIR PRICE
3rd owner, 70k km, no tampering on this Polo GT TSI.
Simple to run, easy to park.
Read full report",₹5.50 Lakh,"70,000 km","EMI from ₹13,652/mo",Petrol,Automatic,3rd Owner
Chevrolet Cruze LTZ,https://www.cardekho.com/used-car-details/used-Chevrolet-cruze-ltz-cars-Kolkata_1f5a4a96-ec89-44ce-8dbc-b26e9e18751a.htm,2L,2010,"90,000 kms",Diesel,Manual,"Dumdum, Kolkata","AI Expert
GREAT PRICE
4-owner, 90k km Cruze — papers look clean despite flagged checks.
Chevrolet exited India in 2017 — confirm parts availability before buying.
Read full report",₹2 Lakh,"90,000 km",,Diesel,Manual,4th Owner
Hyundai Grand i10 Nios Sportz,https://www.cardekho.com/used-car-details/used-Hyundai-grand-i10-nios-sportz-cars-Kolkata_aa0e8058-d12d-4c54-bb16-572bbf514f44.htm,5.25L,2022,"31,000 kms",Petrol,Manual,"J.b.s, Kolkata","AI Expert
GREAT PRICE
1st owner, no accident, 31k km — history is traceable.
Hyundai has a wide service network across India.
Read full report",₹5.25 Lakh,"31,000 km","EMI from ₹13,031/mo",Petrol,Manual,1st Owner
Hyundai Santro Xing XL,https://www.cardekho.com/used-car-details/used-Hyundai-santro-xing-xl-cars-Kolkata_ab0c7626-ae70-4663-bcb7-ad0913ca51bc.htm,1.50L,2007,"20,000 kms",Petrol,Manual,"Anandapally, Kamalgachhi More, Kolkata","AI Expert
GREAT PRICE
1st owner, 20k km — records look solid on this Santro Xing.
Hyundai has a wide service network across India.
Read full report",₹1.50 Lakh,"20,000 km
Below avg",,Petrol,Manual,1st Owner
Tata Tiago XT,https://www.cardekho.com/used-car-details/used-Tata-tiago-xt-cars-Kolkata_9510fa9d-3dd6-4f1b-ace1-f87354f1876c.htm?adId=32521&adType=41,5.55L,2023,"45,000 kms",Petrol,Manual,"Kasba, Kolkata","AI Expert
GREAT PRICE
1st owner, 45k km — records look solid on this Tiago.
Simple to run, easy to park.
Read full report",₹5.55 Lakh,"45,000 km","EMI from ₹13,776/mo",Petrol,Manual,1st Owner
Tata Punch Pure,https://www.cardekho.com/used-car-details/used-Tata-punch-pure-cars-Kolkata_309137c6-05b2-4a38-b422-1461c5e71d35.htm,5.76L,2024,"5,656 kms",Petrol,Manual,"Airport Po, Kolkata","AI Expert
GREAT PRICE
1st owner, 6k km — ownership and odometer look clean on this Punch.
2 year old, only 6k km — near-new in every sense.
Read full report",₹5.76 Lakh,"5,656 km
Below avg","EMI from ₹14,297/mo",Petrol,Manual,1st Owner
Hyundai Verna SX Opt,https://www.cardekho.com/used-car-details/used-Hyundai-verna-sx-opt-cars-Kolkata_178c5a56-0574-4882-b6de-5db475840660.htm,12.50L,2024,"19,150 kms",Petrol,Manual,"Salt Lake City, Kolkata","AI Expert
GREAT PRICE
1st owner, 19k km — papers are clean on this Verna.
2 year old, only 19k km — near-new in every sense.
Read full report",₹12.50 Lakh,"19,150 km
Below avg","EMI from ₹31,026/mo",Petrol,Manual,1st Owner
Kia Seltos HTX IVT,https://www.cardekho.com/used-car-details/used-Kia-seltos-htx-ivt-cars-Kolkata_5093dfc1-ad32-4b88-ac26-ef629d817f1b.htm,12.90L,2024,"30,000 kms",Petrol,Automatic,"Ballygunge, Kolkata","AI Expert
GREAT PRICE
1st owner, 30k km — history looks solid on this Seltos.
Only 2 years old — near-new condition at used-car pricing.
Read full report",₹12.90 Lakh,"30,000 km","EMI from ₹32,019/mo",Petrol,Automatic,1st Owner
Maruti Suzuki Swift ZXI,https://www.cardekho.com/used-car-details/used-Maruti-swift-zxi-cars-Kolkata_57fd2e32-de65-487e-8b86-f0fa94aa99a1.htm?adId=32170&adType=41,4.30L,2018,"48,000 kms",Petrol,Manual,"Alipore, Kolkata","AI Expert
GREAT PRICE
1st owner, 48k km, verified fitness — papers are clean on this Swift.
Simple to run, easy to park.
Read full report",₹4.30 Lakh,"48,000 km","EMI from ₹10,673/mo",Petrol,Manual,1st Owner
Maruti Suzuki Wagon R VXI BS IV,https://www.cardekho.com/used-car-details/used-Maruti-wagon-r-vxi-bs-iv-cars-Kolkata_49db83b1-7347-49d9-9cb8-5d247115c9c6.htm,2.35L,2015,"27,000 kms",Petrol,Manual,"Garia Bt, Kolkata","AI Expert
BELOW MARKET
1st owner, 27k km — documents are clear on this Wagon R.
Maruti service is available in almost every city and town.
Read full report",₹2.35 Lakh,"27,000 km
Below avg","EMI from ₹19,040/mo",Petrol,Manual,1st Owner
Maruti Suzuki Swift VXI,https://www.cardekho.com/used-car-details/used-Maruti-swift-vxi-cars-Kolkata_a358ccaa-731a-44e5-b359-1966bf4afeb7.htm,2.90L,2014,"33,747 kms",Petrol,Manual,"Airport Po, Kolkata","AI Expert
GREAT PRICE
1st owner, 34k km — history is traceable on this Swift.
Only 34k km — lower than 82% of similar Swifts on CarDekho.
Read full report",₹2.90 Lakh,"33,747 km
Below avg",,Petrol,Manual,1st Owner
Datsun GO Plus T BSIV,https://www.cardekho.com/used-car-details/used-Datsun-go-plus-t-bsiv-cars-Kolkata_020391f9-dc16-4bdf-aa4b-f75225746901.htm,2.45L,2015,"37,079 kms",Petrol,Manual,"Beleghata, Kolkata","AI Expert
FAIR PRICE
2nd owner, 37k km — documents look clean on this GO Plus.
Simple to run, easy to park.
Read full report",₹2.45 Lakh,"37,079 km","EMI from ₹19,850/mo",Petrol,Manual,2nd Owner
Mahindra XUV700 AX5 7 Str BSVI,https://www.cardekho.com/used-car-details/used-Mahindra-xuv700-ax5-7-str-bsvi-cars-Kolkata_43744a0b-5775-4ceb-9174-9d68044130b0.htm?adId=32586&adType=41,11.90L,2022,"32,355 kms",Petrol,Manual,"Salt Lake City, Kolkata","AI Expert
BELOW MARKET
1st owner, 32k km — documents are clean on this XUV700.
₹1.2L below what similar XUV700s sell for.
Read full report",₹11.90 Lakh,"32,355 km
Below avg","EMI from ₹29,536/mo",Petrol,Manual,1st Owner
Maruti Suzuki Zen Estilo Sports,https://www.cardekho.com/used-car-details/used-Maruti-zen-estilo-sports-cars-Kolkata_ef7971e6-2e1e-48d3-9aba-1b48854e4486.htm,90K,2008,"1,07,000 kms",Petrol,Manual,"Haltu, Kolkata","AI Expert
GREAT PRICE
2nd owner, 107k km — key checks pass on this Zen Estilo.
Maruti service is available in almost every city and town.
Read full report",₹90 Thousand,"1,07,000 km",,Petrol,Manual,2nd Owner
Maruti Suzuki Alto 800 LXi,https://www.cardekho.com/used-car-details/used-Maruti-alto-800-lxi-cars-Kolkata_b714de83-fdfa-4a84-a78c-765904834d7c.htm,1.99L,2014,"34,703 kms",Petrol,Manual,"Airport Po, Kolkata","AI Expert
GREAT PRICE
1st owner, 35k km — records look solid on this Alto 800.
300-point inspection done. Warranty included.
Read full report",₹1.99 Lakh,"34,703 km",,Petrol,Manual,1st Owner
Maruti Suzuki Swift LXi,https://www.cardekho.com/used-car-details/used-Maruti-swift-lxi-cars-Kolkata_b597c82f-0a42-4d57-b408-98e8efc5e2e4.htm,3.25L,2017,"58,291 kms",Petrol,Manual,"E.K.T, Kolkata","AI Expert
GREAT PRICE
2nd owner, 58k km — papers look clean on this Swift.
300-point inspection done. Warranty included.
Read full report",₹3.25 Lakh,"58,291 km","EMI from ₹10,069/mo",Petrol,Manual,2nd Owner
Hyundai Creta SX BSVI,https://www.cardekho.com/used-car-details/used-Hyundai-creta-sx-bsvi-cars-Kolkata_d7434222-7d69-4740-827f-64cd452ff47a.htm?adId=32522&adType=41,10.50L,2023,"21,000 kms",Petrol,Manual,"Kasba, Kolkata","AI Expert
GREAT PRICE
1st owner, no accident, 21k km — documents are clean on this Creta.
Hyundai has a wide service network across India.
Read full report",₹10.50 Lakh,"21,000 km
Below avg","EMI from ₹26,062/mo",Petrol,Manual,1st Owner
Maruti Suzuki Celerio LXI,https://www.cardekho.com/used-car-details/used-Maruti-celerio-lxi-cars-Kolkata_5185e9be-89f4-43e7-9daf-2153a49ae732.htm,2.04L,2014,"70,011 kms",Petrol,Manual,"Airport Po, Kolkata","AI Expert
GREAT PRICE
1st owner, 70k km — documents look clean on this Celerio.
300-point inspection done. Warranty included.
Read full report",₹2.04 Lakh,"70,011 km",,Petrol,Manual,1st Owner
Maruti Suzuki S-Presso VXI 2019-2022,https://www.cardekho.com/used-car-details/used-Maruti-s-presso-vxi-2019-2022-cars-Kolkata_91ad88a9-4158-43c8-8e44-6967a397d27f.htm,3.60L,2021,"18,000 kms",Petrol,Manual,"Ballygunge, Kolkata","AI Expert
GREAT PRICE
1st owner, 18k km — history looks clean on this S-Presso.
Zero-dep insurance — valid till February 2027.
Read full report",₹3.60 Lakh,"18,000 km
Below avg","EMI from ₹8,936/mo",Petrol,Manual,1st Owner
Hyundai Creta EX,https://www.cardekho.com/buy-used-car-details/used-Hyundai-creta-ex-cars-Kolkata_1500eab9-d606-4dfa-a190-65eb8059d9a5.htm,9.46L,2023,"19,006 kms",Petrol,Manual,"E.K.T, Kolkata","AI Expert
GREAT PRICE
1st owner, 19k km — key checks pass on this Creta.
Only 19k km — lower than 80% of similar Cretas on CarDekho.
Read full report",₹9.46 Lakh,"19,006 km
Below avg","EMI from ₹23,470/mo",Petrol,Manual,1st Owner
Tata Safari Accomplished Plus,https://www.cardekho.com/used-car-details/used-Tata-safari-accomplished-plus-cars-Kolkata_3527661d-988a-4708-ab96-b6c3c83c0c2a.htm?adId=32985&adType=41,16L,2023,"86,000 kms",Diesel,Manual,"Khiddirpore, Kolkata","AI Expert
FAIR PRICE
1st owner, no odometer tampering, 86k km on this Safari.
Tata has a wide service network and reliable after-sales support.
Read full report",₹16 Lakh,"86,000 km","EMI from ₹39,713/mo",Diesel,Manual,1st Owner
Hyundai Alcazar Prestige AT,https://www.cardekho.com/used-car-details/used-Hyundai-alcazar-prestige-at-cars-Kolkata_cd46428b-0e0b-4e87-8908-efd8a4fe9d2b.htm,9.49L,2021,"50,000 kms",Petrol,Automatic,"Bhowanipore, Kolkata","AI Expert
GREAT PRICE
1st owner, 50k km — history looks solid on this Alcazar.
Hyundai service is easy to find.
Read full report",₹9.49 Lakh,"50,000 km","EMI from ₹23,558/mo",Petrol,Automatic,1st Owner
Maruti Suzuki Wagon R VXI BS IV,https://www.cardekho.com/used-car-details/used-Maruti-wagon-r-vxi-bs-iv-cars-Kolkata_d8405229-a296-4ccb-bc23-7789e86c476d.htm,2.50L,2013,"21,000 kms",Petrol,Manual,"Garia, Kolkata","AI Expert
ABOVE MARKET
1st owner, 21k km, verified odometer on this Wagon R.
Only 21k km — lower than 80% of similar Wagon Rs on CarDekho.
Read full report",₹2.50 Lakh,"21,000 km
Below avg",,Petrol,Manual,1st Owner
Maruti Suzuki Baleno Zeta AMT,https://www.cardekho.com/buy-used-car-details/used-Maruti-baleno-zeta-amt-cars-Kolkata_acc39430-8a11-47f8-989c-9bf1301d93f8.htm,4.83L,2019,"22,604 kms",Petrol,Automatic,"Airport Po, Kolkata","AI Expert
GREAT PRICE
2nd owner, 23k km — key checks are clear on this Baleno.
Only 23k km — lower than 86% of similar Balenos on CarDekho.
Read full report",₹4.83 Lakh,"22,604 km
Below avg","EMI from ₹11,978/mo",Petrol,Automatic,2nd Owner
Volkswagen Polo 1.2 MPI Highline,https://www.cardekho.com/used-car-details/used-Volkswagen-polo-12-mpi-highline-cars-Kolkata_2fe51fed-7730-4881-89fe-8eb0c5295be7.htm?adId=32801&adType=41,2.49L,2013,"44,000 kms",Petrol,Manual,"J.b.s, Kolkata","AI Expert
BELOW MARKET
2nd owner, 44k km — papers are clean on this Polo.
Price dropped ₹50k — now at ₹2.5L.
Read full report",₹2.49 Lakh,"44,000 km
Below avg",,Petrol,Manual,2nd Owner
Maruti Suzuki Swift LXI Option,https://www.cardekho.com/used-car-details/used-Maruti-swift-lxi-option-cars-Kolkata_6edbcbfa-7866-4c10-8f46-fd4be5f559d4.htm,2.93L,2016,"61,388 kms",Petrol,Manual,"E.K.T, Kolkata","AI Expert
GREAT PRICE
1st owner, 61k km — papers are clean on this Swift.
300-point inspection done. Warranty included.
Read full report",₹2.93 Lakh,"61,388 km","EMI from ₹12,724/mo",Petrol,Manual,1st Owner
Skoda Slavia 1.0 TSI Style AT,https://www.cardekho.com/buy-used-car-details/used-Skoda-slavia-10-tsi-style-at-cars-Kolkata_c537e630-854b-4a9f-9d98-f3a456e333a7.htm,10.86L,2023,"20,347 kms",Petrol,Automatic,"University, Kolkata","AI Expert
GREAT PRICE
1st owner, 20k km — history looks clean on this Slavia.
300-point inspection done. Warranty included.
Read full report",₹10.86 Lakh,"20,347 km
Below avg","EMI from ₹26,956/mo",Petrol,Automatic,1st Owner
Kia Carens Prestige Plus Diesel iMT,https://www.cardekho.com/used-car-details/used-Kia-carens-prestige-plus-diesel-imt-cars-Kolkata_51cb471a-31bd-45ac-a37d-c1741e88f6d2.htm,9.72L,2023,"32,869 kms",Diesel,Manual,"University, Kolkata","AI Expert
GREAT PRICE
1st owner, 33k km, no accident — papers are clean on this Carens.
Price dropped ₹1.1L — now at ₹9.7L.
Read full report",₹9.72 Lakh,"32,869 km","EMI from ₹24,126/mo",Diesel,Manual,1st Owner
Mercedes-Benz E-Class E200 Edition E,https://www.cardekho.com/used-car-details/used-Mercedes-benz-e-class-e200-edition-e-cars-Kolkata_73cb6908-ec97-4ea7-8c3e-c6ed1bb470eb.htm?adId=32414&adType=41,19.25L,2017,"51,089 kms",Petrol,Automatic,"Salt Lake City, Kolkata","AI Expert
GREAT PRICE
1st owner, 51k km — history is traceable on this E-Class.
Mercedes feel at used-car pricing — badge, cabin, tech.
Read full report",₹19.25 Lakh,"51,089 km","EMI from ₹59,635/mo",Petrol,Automatic,1st Owner
Kia Syros HTX Plus Opt Turbo DCT,https://www.cardekho.com/used-car-details/used-Kia-syros-htx-plus-opt-turbo-dct-cars-Kolkata_9fc2ee61-0205-4108-94ea-c3d7b9b4c154.htm,13.65L,2025,"10,000 kms",Petrol,Automatic,"Kasba, Kolkata","AI Expert
GREAT PRICE
1st owner, 10k km, verified on this 2025 Kia Syros.
1 year old, only 10k km — near-new in every sense.
Read full report",₹13.65 Lakh,"10,000 km
Below avg","EMI from ₹33,880/mo",Petrol,Automatic,1st Owner
Toyota Corolla Altis G AT,https://www.cardekho.com/used-car-details/used-Toyota-corolla-altis-g-at-cars-Kolkata_bd646ac6-8cc3-40fd-8cbb-90e07c3ec610.htm,4.65L,2015,"47,599 kms",Petrol,Automatic,"Kalighat, Kolkata","AI Expert
GREAT PRICE
1st owner, 48k km — history looks solid on this Corolla Altis.
Toyota's reliability reputation makes it a strong long-term choice.
Read full report",₹4.65 Lakh,"47,599 km","EMI from ₹37,675/mo",Petrol,Automatic,1st Owner
Honda Amaze S CVT i-VTEC,https://www.cardekho.com/buy-used-car-details/used-Honda-amaze-s-cvt-i-vtec-cars-Kolkata_d0f5d971-1cfc-4eee-8374-1557a968b130.htm,3.92L,2018,"43,189 kms",Petrol,Automatic,"University, Kolkata","AI Expert
GREAT PRICE
1st owner, 43k km — papers are clean on this Amaze.
Price dropped ₹73k — now at ₹3.9L.
Read full report",₹3.92 Lakh,"43,189 km
Below avg","EMI from ₹9,730/mo",Petrol,Automatic,1st Owner
Maruti Suzuki Ciaz Sigma BSVI,https://www.cardekho.com/used-car-details/used-Maruti-ciaz-sigma-bsvi-cars-Kolkata_b0ddcaef-3feb-4fc9-9fae-28181fe44fa6.htm?adId=31783&adType=41,6.20L,2022,"50,000 kms",Petrol,Manual,"Sealdah, Kolkata","AI Expert
GREAT PRICE
1st owner, no odometer tampering — 50k km on this Ciaz looks solid.
Maruti service is easy to find.
Read full report",₹6.20 Lakh,"50,000 km","EMI from ₹15,389/mo",Petrol,Manual,1st Owner
Renault KWID RXT,https://www.cardekho.com/used-car-details/used-Renault-kwid-rxt-cars-Kolkata_8be3b50c-5c36-497e-a7b1-00baec62ccba.htm,2.33L,2018,"37,704 kms",Petrol,Manual,"E.K.T, Kolkata","AI Expert
GREAT PRICE
1st owner, 38k km, insurance flagged — key checks pass on this KWID.
Read full report",₹2.33 Lakh,"37,704 km","EMI from ₹5,787/mo",Petrol,Manual,1st Owner
Mercedes-Benz GLS 350d 4MATIC,https://www.cardekho.com/used-car-details/used-Mercedes-benz-gls-350d-4matic-cars-Kolkata_36fd3e43-187d-4893-8657-ac005e12db0b.htm,29.95L,2018,"59,000 kms",Diesel,Automatic,"Ballygunge Rs, Kolkata","AI Expert
GREAT PRICE
2nd owner, no accident, 59k km — records look solid on this GLS.
Full Mercedes experience at used-car pricing.
Read full report",₹29.95 Lakh,"59,000 km","EMI from ₹74,337/mo",Diesel,Automatic,2nd Owner
Tata Punch Adventure S,https://www.cardekho.com/used-car-details/used-Tata-punch-adventure-s-cars-Kolkata_fc672c00-1ab7-4e3d-9b0d-bf7597b52e20.htm,6.07L,2024,"20,065 kms",Petrol,Manual,"E.K.T, Kolkata","AI Expert
GREAT PRICE
1st owner, 20k km — history looks solid on this Punch.
Only 2 years old — near-new condition at used-car pricing.
Read full report",₹6.07 Lakh,"20,065 km
Below avg","EMI from ₹15,056/mo",Petrol,Manual,1st Owner
Mercedes-Benz E-Class E200 Edition E,https://www.cardekho.com/used-car-details/used-Mercedes-benz-e-class-e200-edition-e-cars-Kolkata_73cb6908-ec97-4ea7-8c3e-c6ed1bb470eb.htm?adId=32414&adType=41,19.25L,2017,"51,089 kms",Petrol,Automatic,"Salt Lake City, Kolkata","AI Expert
GREAT PRICE
1st owner, 51k km — history is traceable on this E-Class.
Mercedes feel at used-car pricing — badge, cabin, tech.
Read full report",₹19.25 Lakh,"51,089 km","EMI from ₹59,635/mo",Petrol,Automatic,1st Owner
Kia Sonet HTX Turbo iMT BSVI,https://www.cardekho.com/used-car-details/used-Kia-sonet-htx-turbo-imt-bsvi-cars-Kolkata_c502b128-5241-4158-8a73-e686bf84746d.htm,6.59L,2022,"49,582 kms",Petrol,Manual,"University, Kolkata","AI Expert
GREAT PRICE
1st owner, 50k km, no accident — key checks pass on this Sonet.
Price dropped ₹12k — now at ₹6.6L.
Read full report",₹6.59 Lakh,"49,582 km","EMI from ₹16,346/mo",Petrol,Manual,1st Owner
Hyundai i10 Asta 1.2 AT with Sunroof,https://www.cardekho.com/used-car-details/used-Hyundai-i10-asta-12-at-with-sunroof-cars-Kolkata_c19568bf-e336-4d22-bad8-d90a79f436d6.htm,7.65L,2023,"19,206 kms",Petrol,Automatic,"University, Kolkata","AI Expert
GREAT PRICE
1st owner, 19k km — papers are clean on this i10.
300-point inspection done. Warranty included.
Read full report",₹7.65 Lakh,"19,206 km
Below avg","EMI from ₹18,984/mo",Petrol,Automatic,1st Owner
Hyundai Creta SX Tech,https://www.cardekho.com/used-car-details/used-Hyundai-creta-sx-tech-cars-Kolkata_955d2d3b-b99a-4274-97c5-b81117788dc4.htm,13.25L,2024,"30,500 kms",Petrol,Manual,"Bhowanipore, Kolkata","AI Expert
GREAT PRICE
1st owner, 30k km — history is traceable on this Creta.
Only 2 years old — near-new condition at used-car pricing.
Read full report",₹13.25 Lakh,"30,500 km","EMI from ₹32,890/mo",Petrol,Manual,1st Owner
Maruti Suzuki Swift ZXI,https://www.cardekho.com/used-car-details/used-Maruti-swift-zxi-cars-Kolkata_57fd2e32-de65-487e-8b86-f0fa94aa99a1.htm?adId=32170&adType=41,4.30L,2018,"48,000 kms",Petrol,Manual,"Alipore, Kolkata","AI Expert
GREAT PRICE
1st owner, 48k km, verified fitness — papers are clean on this Swift.
Simple to run, easy to park.
Read full report",₹4.30 Lakh,"48,000 km","EMI from ₹10,673/mo",Petrol,Manual,1st Owner
Hyundai Grand i10 1.2 Kappa Sportz BSIV,https://www.cardekho.com/used-car-details/used-Hyundai-grand-i10-12-kappa-sportz-bsiv-cars-Kolkata_1f05e614-8a32-4fe2-afdf-18dec1da3e88.htm,2.81L,2015,"74,133 kms",Petrol,Manual,"E.K.T, Kolkata","AI Expert
GREAT PRICE
1st owner, 74k km — documents are clean on this Grand i10.
Comprehensive insurance — valid till May 2027.
Read full report",₹2.81 Lakh,"74,133 km","EMI from ₹22,767/mo",Petrol,Manual,1st Owner
Tata Altroz XT Dark Edition,https://www.cardekho.com/used-car-details/used-Tata-altroz-xt-dark-edition-cars-Kolkata_5bc41d84-b695-4382-ae5b-fab83888045b.htm,5.25L,2023,"55,500 kms",Petrol,Manual,"Bhawanipore, Kolkata","AI Expert
GREAT PRICE
1st owner, 56k km — key checks pass on this Altroz.
Simple to run, easy to park.
Read full report",₹5.25 Lakh,"55,500 km","EMI from ₹13,031/mo",Petrol,Manual,1st Owner
Mahindra XUV 3XO AX5 L Turbo AT,https://www.cardekho.com/used-car-details/used-Mahindra-xuv-3xo-ax5-l-turbo-at-cars-Kolkata_04f5d443-66e4-4c4a-8669-a368881e58b7.htm,11.49L,2026,"15,444 kms",Petrol,Automatic,"Vivekanandapur, Kolkata","AI Expert
GREAT PRICE
1st owner, 15k km on this XUV 3XO — documents are clear.
Only 15k km — lower than 92% of similar XUV 3XOs on CarDekho.
Read full report",₹11.49 Lakh,"15,444 km
Below avg","EMI from ₹28,519/mo",Petrol,Automatic,1st Owner
Hyundai Tucson Platinum AT,https://www.cardekho.com/used-car-details/used-Hyundai-tucson-platinum-at-cars-Kolkata_ab9a5815-4438-417f-bef7-25cfdce3a459.htm?adId=30888&adType=41,17.99L,2023,"19,000 kms",Petrol,Automatic,"Kasba, Kolkata","AI Expert
GREAT PRICE
1st owner, no accident, 19k km — records look solid on this Tucson.
Only 19k km — lower than 97% of similar Tucsons on CarDekho.
Read full report",₹17.99 Lakh,"19,000 km
Below avg","EMI from ₹44,652/mo",Petrol,Automatic,1st Owner
Mercedes-Benz A Class A180 CDI,https://www.cardekho.com/used-car-details/used-Mercedes-benz-a-class-a180-cdi-cars-Kolkata_02090b5d-84bd-4b43-be8b-5f670d1af189.htm,10L,2014,"40,000 kms",Diesel,Automatic,"Gobinda Khatick Road, Kolkata",,₹10 Lakh,"40,000 km",,Diesel,Automatic,2nd Owner
Volkswagen Polo 1.2 MPI Comfortline,https://www.cardekho.com/used-car-details/used-Volkswagen-polo-12-mpi-comfortline-cars-Kolkata_72ec2f1d-68f4-4538-960d-db0567a65fc8.htm,2.50L,2014,"1,10,000 kms",Petrol,Manual,"Kalighat, Kolkata",,₹2.50 Lakh,"1,10,000 km",,Petrol,Manual,1st Owner
Toyota Fortuner 2.8 4WD AT BSIV,https://www.cardekho.com/used-car-details/used-Toyota-fortuner-28-4wd-at-bsiv-cars-Kolkata_7844cecd-3a1a-4233-9dc0-58be23482017.htm,22L,2017,"1,20,000 kms",Diesel,Automatic,"Jodhpur Park, Kolkata",,₹22 Lakh,"1,20,000 km","EMI from ₹68,154/mo",Diesel,Automatic,1st Owner
Maruti Suzuki Eeco 5 Seater AC BSIV,https://www.cardekho.com/used-car-details/used-Maruti-eeco-5-seater-ac-bsiv-cars-Kolkata_cc059816-2f4b-447a-963f-306d0db9d39e.htm,2.54 Lakh,2014,"10,000 km",,,,,₹2.54 Lakh,"10,000 km",,Petrol,Manual,1st Owner
Maruti Suzuki Alto 800 LXI,https://www.cardekho.com/used-car-details/used-Maruti-alto-800-lxi-cars-Kolkata_474f95e2-375a-422a-9551-2ae6bfaf363b.htm,2.10 Lakh,2016,"35,925 km",,,,,₹2.10 Lakh,"35,925 km","EMI from ₹9,120/mo",Petrol,Manual,1st Owner
Maruti Suzuki Eeco 7 Seater STD (O),https://www.cardekho.com/used-car-details/used-Maruti-eeco-7-seater-std-o-cars-Kolkata_d57a6c0f-474d-406b-95cd-ae5484dd49d3.htm,4.50 Lakh,2022,"90,000 km",,,,,₹4.50 Lakh,"90,000 km","EMI from ₹11,170/mo",Petrol,Manual,1st Owner
Mercedes-Benz GL-Class 350 CDI Blue Efficiency,https://www.cardekho.com/used-car-details/used-Mercedes-benz-gl-class-350-cdi-blue-efficiency-cars-Kolkata_c8ac3194-07bb-4adb-ba2a-f564f25f2bee.htm,22 Lakh,2014,"1,03,000 km",,,,,₹22 Lakh,"1,03,000 km",,Diesel,Automatic,1st Owner
Maruti Suzuki Wagon R AMT VXI,https://www.cardekho.com/used-car-details/used-Maruti-wagon-r-amt-vxi-cars-Kolkata_8e2415af-1b0f-4276-8fd1-930e3ce98fdd.htm,2.85 Lakh,2019,"40,000 km",,,,,₹2.85 Lakh,"40,000 km","EMI from ₹7,074/mo",Petrol,Automatic,3rd Owner
Hyundai EON Era,https://www.cardekho.com/used-car-details/used-Hyundai-eon-era-cars-Kolkata_4429b694-5771-4ea8-9cf7-a29a1cfb61bc.htm,1.50L,2012,"40,569 kms",Petrol,Manual,"Beleghata, Kolkata","AI Expert
GREAT PRICE
2nd owner, 41k km on this EON — papers are clean overall.
Comprehensive insurance — valid till June 2027.
Read full report",₹1.50 Lakh,"40,569 km",,Petrol,Manual,2nd Owner
Hyundai Creta SX Diesel,https://www.cardekho.com/used-car-details/used-Hyundai-creta-sx-diesel-cars-Kolkata_96a9bea9-4038-478d-83f3-aa5ca6bd742d.htm,11.35L,2023,"35,000 kms",Diesel,Manual,"Ghose Bagan, Kolkata","AI Expert
GREAT PRICE
1st owner, 35k km, insurance flagged — key checks pass on this Creta.
Hyundai has a wide service network across India.
Read full report",₹11.35 Lakh,"35,000 km","EMI from ₹28,171/mo",Diesel,Manual,1st Owner
Honda Amaze SX i VTEC,https://www.cardekho.com/used-car-details/used-Honda-amaze-sx-i-vtec-cars-Kolkata_b53707f8-c78b-45f0-92ee-c29845a7b9db.htm,3.15L,2017,"30,600 kms",Petrol,Manual,"Alipore, Kolkata","AI Expert
GREAT PRICE
1st owner, no accident, 31k km — history is traceable on this Amaze.
Only 31k km — lower than 88% of similar Amazes on CarDekho.
Read full report",₹3.15 Lakh,"30,600 km
Below avg","EMI from ₹9,759/mo",Petrol,Manual,1st Owner
Maruti Suzuki Swift Dzire LDI,https://www.cardekho.com/used-car-details/used-Maruti-swift-dzire-ldi-cars-Kolkata_5763c306-4ef7-4376-8122-d2b3e60e1d84.htm?adId=32988&adType=41,3.25L,2014,"59,000 kms",Diesel,Manual,"Garia Bt, Kolkata","AI Expert
GREAT PRICE
1st owner, 59k km — history looks solid on this Swift Dzire.
Maruti service is available in almost every city and town.
Read full report",₹3.25 Lakh,"59,000 km",,Diesel,Manual,1st Owner
Skoda Slavia 1.5 TSI Style AT BSVI,https://www.cardekho.com/used-car-details/used-Skoda-slavia-15-tsi-style-at-bsvi-cars-Kolkata_bc47739a-8341-4602-8241-4b3c7d61fa9c.htm,10.50L,2022,"7,200 kms",Petrol,Automatic,"Kalighat, Kolkata","AI Expert
GREAT PRICE
1st owner, 7k km — history looks solid on this Slavia.
Only 7k km — lower than 94% of similar Slavias on CarDekho.
Read full report",₹10.50 Lakh,"7,200 km
Below avg","EMI from ₹26,062/mo",Petrol,Automatic,1st Owner
Hyundai Verna 1.4 VTVT,https://www.cardekho.com/used-car-details/used-Hyundai-verna-14-vtvt-cars-Kolkata_87841b3c-8db8-48ea-871c-180a7d900762.htm,2.75L,2016,"50,000 kms",Petrol,Manual,"Kasba, Kolkata","AI Expert
BELOW MARKET
1st owner, 50k km — papers are clean on this Verna.
Hyundai has a wide service network across India.
Read full report",₹2.75 Lakh,"50,000 km","EMI from ₹11,942/mo",Petrol,Manual,1st Owner
Hyundai Alcazar Prestige AT,https://www.cardekho.com/used-car-details/used-Hyundai-alcazar-prestige-at-cars-Kolkata_cd46428b-0e0b-4e87-8908-efd8a4fe9d2b.htm,9.49L,2021,"50,000 kms",Petrol,Automatic,"Bhowanipore, Kolkata","AI Expert
GREAT PRICE
1st owner, 50k km — history looks solid on this Alcazar.
Hyundai service is easy to find.
Read full report",₹9.49 Lakh,"50,000 km","EMI from ₹23,558/mo",Petrol,Automatic,1st Owner
Maruti Suzuki Ciaz Sigma BSVI,https://www.cardekho.com/used-car-details/used-Maruti-ciaz-sigma-bsvi-cars-Kolkata_b0ddcaef-3feb-4fc9-9fae-28181fe44fa6.htm?adId=31783&adType=41,6.20L,2022,"50,000 kms",Petrol,Manual,"Sealdah, Kolkata","AI Expert
GREAT PRICE
1st owner, no odometer tampering — 50k km on this Ciaz looks solid.
Maruti service is easy to find.
Read full report",₹6.20 Lakh,"50,000 km","EMI from ₹15,389/mo",Petrol,Manual,1st Owner
Honda Amaze 2nd Gen S BSVI,https://www.cardekho.com/used-car-details/used-Honda-amaze-2nd-gen-s-bsvi-cars-Kolkata_5230b795-bb5f-4096-9159-a10c2b0be39a.htm,4.45L,2022,"48,000 kms",Petrol,Manual,"Ghose Bagan, Kolkata","AI Expert
GREAT PRICE
1st owner, 48k km — history is clean on this Amaze 2nd Gen.
Comprehensive insurance — valid till July 2027.
Read full report",₹4.45 Lakh,"48,000 km","EMI from ₹11,045/mo",Petrol,Manual,1st Owner
Tata Altroz XM plus Diesel BSVI,https://www.cardekho.com/used-car-details/used-Tata-altroz-xm-plus-diesel-bsvi-cars-Kolkata_8c88f7b2-2340-41ff-88a8-61e96ca9ec92.htm,4.71L,2022,"33,455 kms",Diesel,Manual,"Kalighat, Kolkata","AI Expert
BELOW MARKET
1st owner, 33k km, insurance flagged — history looks solid on this Altroz.
Tata has a wide service network and reliable after-sales support.
Read full report",₹4.71 Lakh,"33,455 km
Below avg","EMI from ₹11,691/mo",Diesel,Manual,1st Owner
Hyundai Creta SX (O) iVT,https://www.cardekho.com/used-car-details/used-Hyundai-creta-sx-o-ivt-cars-Kolkata_6f3f7ef2-9446-44b0-87f0-57669eb3cd18.htm,11.01L,2021,"62,440 kms",Petrol,Automatic,"Airport Po, Kolkata","AI Expert
GREAT PRICE
1st owner, 62k km — records look solid on this Creta.
300-point inspection done. Warranty included.
Read full report",₹11.01 Lakh,"62,440 km","EMI from ₹27,321/mo",Petrol,Automatic,1st Owner
Jeep Compass 2.0 Limited 4X4,https://www.cardekho.com/used-car-details/used-Jeep-compass-20-limited-4x4-cars-Kolkata_acc9a013-6787-4bd8-9c51-f96295f63d7c.htm?adId=31987&adType=41,7.40L,2018,"48,000 kms",Diesel,Manual,"Middleton Row, Kolkata","AI Expert
GREAT PRICE
2nd owner, 48k km on this Compass — key checks pass.
Simple to run, easy to park.
Read full report",₹7.40 Lakh,"48,000 km","EMI from ₹18,367/mo",Diesel,Manual,2nd Owner
Mahindra TUV 300 T6 Plus BSIV,https://www.cardekho.com/used-car-details/used-Mahindra-tuv-300-t6-plus-bsiv-cars-Kolkata_51e761ff-96a2-466d-901d-c116023add3c.htm,6.49L,2020,"57,000 kms",Diesel,Manual,"J.b.s, Kolkata","AI Expert
GREAT PRICE
1st owner, 57k km — history is traceable on this TUV 300.
Mahindra SUVs are built for Indian roads — rugged and reliable.
Read full report",₹6.49 Lakh,"57,000 km","EMI from ₹16,109/mo",Diesel,Manual,1st Owner
Maruti Suzuki Dzire VXI BSVI,https://www.cardekho.com/used-car-details/used-Maruti-dzire-vxi-bsvi-cars-Kolkata_3ebc7a3a-be66-41cf-8232-5293bc3f4ed2.htm,8.20L,2021,"24,000 kms",Petrol,Manual,"Kalikapur, Kolkata","AI Expert
ABOVE MARKET
1st owner, 24k km — records look solid on this Dzire.
Only 24k km — lower than 80% of similar Dzires on CarDekho.
Read full report",₹8.20 Lakh,"24,000 km
Below avg","EMI from ₹20,353/mo",Petrol,Manual,1st Owner
Hyundai Creta SX Premium iVT DT,https://www.cardekho.com/used-car-details/used-Hyundai-creta-sx-premium-ivt-dt-cars-Kolkata_d82f6b0d-1747-48fd-aa54-9737a292b977.htm,6.85L,2018,"36,312 kms",Petrol,Automatic,"E.K.T, Kolkata","AI Expert
GREAT PRICE
1st owner, 36k km — ownership is clean on this Creta.
300-point inspection done. Warranty included.
Read full report",₹6.85 Lakh,"36,312 km","EMI from ₹17,002/mo",Petrol,Automatic,1st Owner
Tata Safari Accomplished Plus,https://www.cardekho.com/used-car-details/used-Tata-safari-accomplished-plus-cars-Kolkata_3527661d-988a-4708-ab96-b6c3c83c0c2a.htm?adId=32985&adType=41,16L,2023,"86,000 kms",Diesel,Manual,"Khiddirpore, Kolkata","AI Expert
FAIR PRICE
1st owner, no odometer tampering, 86k km on this Safari.
Tata has a wide service network and reliable after-sales support.
Read full report",₹16 Lakh,"86,000 km","EMI from ₹39,713/mo",Diesel,Manual,1st Owner
Maruti Suzuki Wagon R VXI,https://www.cardekho.com/used-car-details/used-Maruti-wagon-r-vxi-cars-Kolkata_f0b8ebb8-8776-4198-b0e8-f8759b9e1eea.htm,2.79L,2015,"44,094 kms",Petrol,Manual,"Airport Po, Kolkata","AI Expert
GREAT PRICE
1st owner, 44k km — documents are clear on this Wagon R.
Comprehensive insurance — valid till March 2027.
Read full report",₹2.79 Lakh,"44,094 km","EMI from ₹22,605/mo",Petrol,Manual,1st Owner
Skoda Kushaq 1.5 TSI Ambition,https://www.cardekho.com/used-car-details/used-Skoda-kushaq-15-tsi-ambition-cars-Kolkata_9451ca2e-ceaf-47c5-be49-16ce00bf80a1.htm,10.33L,2022,"29,023 kms",Petrol,Manual,"Airport Po, Kolkata","AI Expert
GREAT PRICE
1st owner, 29k km — records look solid on this Kushaq.
300-point inspection done. Warranty included.
Read full report",₹10.33 Lakh,"29,023 km","EMI from ₹25,650/mo",Petrol,Manual,1st Owner
Hyundai i10 Era 1.1 iTech SE,https://www.cardekho.com/used-car-details/used-Hyundai-i10-era-11-itech-se-cars-Kolkata_f8644367-cbcb-472d-8c78-2a3b155ea041.htm,1.75L,2011,"40,147 kms",Petrol,Manual,"Beleghata, Kolkata","AI Expert
ABOVE MARKET
2nd owner, 40k km — history looks solid on this i10.
Simple to run, easy to park.
Read full report",₹1.75 Lakh,"40,147 km",,Petrol,Manual,2nd Owner
Maruti Suzuki S-Presso VXI Plus 2019-2022,https://www.cardekho.com/used-car-details/used-Maruti-s-presso-vxi-plus-2019-2022-cars-Kolkata_5060ccf9-61f3-458a-9843-7abca62c5a89.htm?adId=33175&adType=41,3.25L,2020,"32,000 kms",Petrol,Manual,"Garia Bt, Kolkata","AI Expert
GREAT PRICE
1st owner, 32k km — history is traceable on this S-Presso.
Maruti service is available in almost every .
Read full report",₹3.25 Lakh,"32,000 km","EMI from ₹8,067/mo",Petrol,Manual,1st Owner
Hyundai Grand i10 1.2 Kappa Sportz BSIV,https://www.cardekho.com/used-car-details/used-Hyundai-grand-i10-12-kappa-sportz-bsiv-cars-Kolkata_fe11b97b-5b3e-4427-9089-6f4bc9d9ea04.htm,2.95L,2015,"49,187 kms",Petrol,Manual,"E.K.T, Kolkata","AI Expert
GREAT PRICE
1st owner, no accident, 49k km — key checks pass.
Comprehensive insurance — valid till June 2027.
Read full report",₹2.95 Lakh,"49,187 km","EMI from ₹23,901/mo",Petrol,Manual,1st Owner
Honda City i-VTEC CVT ZX,https://www.cardekho.com/used-car-details/used-Honda-city-i-vtec-cvt-zx-cars-Kolkata_2f8a2d3f-7d20-4e6a-b1d8-971b82c5c1dd.htm,4.50L,2017,"82,978 kms",Petrol,Automatic,"University, Kolkata","AI Expert
GREAT PRICE
1st owner, 83k km — ownership is clean on this City.
Price dropped ₹25k — now at ₹4.5L.
Read full report",₹4.50 Lakh,"82,978 km","EMI from ₹13,953/mo",Petrol,Automatic,1st Owner
Maruti Suzuki Baleno Delta Diesel,https://www.cardekho.com/used-car-details/used-Maruti-baleno-delta-diesel-cars-Kolkata_fe2a9b00-6932-46fa-b5d2-7eff3aa6e65c.htm,4.01L,2018,"41,140 kms",Diesel,Manual,"E.K.T, Kolkata","AI Expert
GREAT PRICE
1st owner, 41k km — ownership details are clean on this Baleno.
Comprehensive insurance — valid till March 2027.
Read full report",₹4.01 Lakh,"41,140 km
Below avg","EMI from ₹9,943/mo",Diesel,Manual,1st Owner
MG Hector Savvy Pro CVT 2023-2025,https://www.cardekho.com/used-car-details/used-Mg-hector-savvy-pro-cvt-2023-2025-cars-Kolkata_0738896b-a32f-4976-8e28-5ea28b5e4267.htm?adId=30978&adType=41,14.50L,2023,"27,000 kms",Petrol,Automatic,"Ballygunge, Kolkata","AI Expert
BELOW MARKET
1st owner, 27k km — history is clear on this Hector.
₹2.1L below what similar Hectors sell for.
Read full report",₹14.50 Lakh,"27,000 km
Below avg","EMI from ₹35,990/mo",Petrol,Automatic,1st Owner
Hyundai i10 Asta 1.2 AT with Sunroof,https://www.cardekho.com/used-car-details/used-Hyundai-i10-asta-12-at-with-sunroof-cars-Kolkata_c19568bf-e336-4d22-bad8-d90a79f436d6.htm,7.65L,2023,"19,206 kms",Petrol,Automatic,"University, Kolkata","AI Expert
GREAT PRICE
1st owner, 19k km — papers are clean on this i10.
300-point inspection done. Warranty included.
Read full report",₹7.65 Lakh,"19,206 km
Below avg","EMI from ₹18,984/mo",Petrol,Automatic,1st Owner
Maruti Suzuki Ertiga BSIV VXI,https://www.cardekho.com/used-car-details/used-Maruti-ertiga-bsiv-vxi-cars-Kolkata_be1d3e96-80de-49e1-9687-e4b6b965c353.htm,5.71L,2017,"24,000 kms",Petrol,Manual,"Garia Bt, Kolkata","AI Expert
GREAT PRICE
1st owner, 24k km — history is traceable on this Ertiga.
Only 24k km — lower than 85.4% of similar Ertigas on CarDekho.
Read full report",₹5.71 Lakh,"24,000 km
Below avg","EMI from ₹17,689/mo",Petrol,Manual,1st Owner
Hyundai Creta SX Tech,https://www.cardekho.com/used-car-details/used-Hyundai-creta-sx-tech-cars-Kolkata_77b50b77-855e-4712-900b-31ffa033d1b3.htm,13.75L,2024,"44,000 kms",Petrol,Manual,Kolkata,"AI Expert
GREAT PRICE
1st owner, 44k km on this Creta — papers are clean.
Only 2 years old — near-new condition at used-car pricing.
Read full report",₹13.75 Lakh,"44,000 km","EMI from ₹34,128/mo",Petrol,Manual,1st Owner
Maruti Suzuki Swift Dzire LDI,https://www.cardekho.com/used-car-details/used-Maruti-swift-dzire-ldi-cars-Kolkata_5763c306-4ef7-4376-8122-d2b3e60e1d84.htm?adId=32988&adType=41,3.25L,2014,"59,000 kms",Diesel,Manual,"Garia Bt, Kolkata","AI Expert
GREAT PRICE
1st owner, 59k km — history looks solid on this Swift Dzire.
Maruti service is available in almost every city and town.
Read full report",₹3.25 Lakh,"59,000 km",,Diesel,Manual,1st Owner
Tata Nexon 1.2 Revotron XZ Plus Dual Tone,https://www.cardekho.com/buy-used-car-details/used-Tata-nexon-12-revotron-xz-plus-dual-tone-cars-Kolkata_e9cbfcb9-335b-4330-93d8-fe1412270b19.htm,5.05L,2019,"60,351 kms",Petrol,Manual,"University, Kolkata","AI Expert
GREAT PRICE
1st owner, 60k km — ownership and odometer look steady on this Nexon.
Price dropped ₹56k — now at ₹5.1L.
Read full report",₹5.05 Lakh,"60,351 km","EMI from ₹12,546/mo",Petrol,Manual,1st Owner
Kia Carens Luxury Plus Turbo 2022-2023,https://www.cardekho.com/used-car-details/used-Kia-carens-luxury-plus-turbo-2022-2023-cars-Kolkata_382cba63-ac39-4ad2-9ed6-626b748a6ef9.htm,10.49L,2022,"45,000 kms",Petrol,Manual,"Kalighat, Kolkata","AI Expert
GREAT PRICE
1st owner, 45k km — history looks clean on this Carens.
Comprehensive insurance — valid till June 2027.
Read full report",₹10.49 Lakh,"45,000 km","EMI from ₹26,037/mo",Petrol,Manual,1st Owner
Hyundai Grand i10 1.2 Kappa Asta,https://www.cardekho.com/used-car-details/used-Hyundai-grand-i10-12-kappa-asta-cars-Kolkata_1ce9fdf1-7f80-4ba1-b6d3-d13b269421d5.htm,3.13L,2014,"24,459 kms",Petrol,Manual,"E.K.T, Kolkata","AI Expert
GREAT PRICE
1st owner, 24k km — history looks solid on this Grand i10.
Only 24k km — lower than 80% of similar Grand i10s on CarDekho.
Read full report",₹3.13 Lakh,"24,459 km
Below avg",,Petrol,Manual,1st Owner
Nissan Magnite Turbo XV BSVI,https://www.cardekho.com/used-car-details/used-Nissan-magnite-turbo-xv-bsvi-cars-Kolkata_a5fdbd4b-d911-40eb-837a-d349650b334b.htm?adId=32804&adType=41,4.99L,2022,"43,000 kms",Petrol,Manual,"J.b.s, Kolkata","AI Expert
BELOW MARKET
1st owner, 43k km — papers are clean on this Magnite.
Nissan Magnite offers a feature-rich cabin for its price segment.
Read full report",₹4.99 Lakh,"43,000 km
Below avg","EMI from ₹12,386/mo",Petrol,Manual,1st Owner
Ford Ecosport Signature Edition Petrol BSIV,https://www.cardekho.com/used-car-details/used-Ford-ecosport-signature-edition-petrol-bsiv-cars-Kolkata_b7932949-6d41-4b72-beba-c8e2e81d9203.htm,5.50L,2019,"50,000 kms",Petrol,Manual,"Cossipore, Kolkata","AI Expert
GREAT PRICE
1st owner, 50k km — ownership is clean on this Ecosport.
Ford exited India in 2021 — verify parts availability first.
Read full report",₹5.50 Lakh,"50,000 km","EMI from ₹13,652/mo",Petrol,Manual,1st Owner
Renault KWID RXT Optional,https://www.cardekho.com/used-car-details/used-Renault-kwid-rxt-optional-cars-Kolkata_fab697ce-529a-49fb-b708-af9defa852fa.htm,3.45L,2022,"12,239 kms",Petrol,Manual,"Airport Po, Kolkata","AI Expert
GREAT PRICE
1st owner, 12k km, insurance flagged — records look solid on this KWID.
Only 12k km — lower than 88% of similar KWIDs on CarDekho.
Read full report",₹3.45 Lakh,"12,239 km
Below avg","EMI from ₹8,567/mo",Petrol,Manual,1st Owner
Maruti Suzuki Alto 800 LXi,https://www.cardekho.com/used-car-details/used-Maruti-alto-800-lxi-cars-Kolkata_2dfa7b8b-6f7a-4f77-b818-42113eeb22c6.htm,1.34L,2013,"88,927 kms",Petrol,Manual,"Airport Po, Kolkata","AI Expert
BELOW MARKET
2nd owner, 89k km — papers are clean on this Alto 800.
300-point inspection done. Warranty included.
Read full report",₹1.34 Lakh,"88,927 km",,Petrol,Manual,2nd Owner
Jaguar XF 2.0 Petrol Portfolio,https://www.cardekho.com/used-car-details/used-Jaguar-xf-20-petrol-portfolio-cars-Kolkata_3889bae5-ad51-438f-ac50-74f9142a7075.htm?adId=32131&adType=41,16L,2017,"40,000 kms",Petrol,Automatic,"Canal Circular Road, Phool Bagan, Kankurgachi, Kolkata","AI Expert
GREAT PRICE
4th owner, no accident, 40k km — records are clear on this XF.
Simple to run, easy to park.
Read full report",₹16 Lakh,"40,000 km","EMI from ₹49,567/mo",Petrol,Automatic,4th Owner
Maruti Suzuki Celerio ZXI Plus AMT BSVI,https://www.cardekho.com/used-car-details/used-Maruti-celerio-zxi-plus-amt-bsvi-cars-Kolkata_e4cd6518-979a-417b-be7a-71d3d8dd35aa.htm,4.35L,2022,"40,000 kms",Petrol,Automatic,"Ballygunge, Kolkata","AI Expert
GREAT PRICE
1st owner, 40k km — history is traceable on this Celerio.
Low running cost for daily use.
Read full report",₹4.35 Lakh,"40,000 km","EMI from ₹10,797/mo",Petrol,Automatic,1st Owner
Honda Jazz 1.2 S i VTEC,https://www.cardekho.com/used-car-details/used-Honda-jazz-12-s-i-vtec-cars-Kolkata_7c6a9493-d555-4089-9bb7-03e6a321e231.htm,3.60L,2018,"60,000 kms",Petrol,Manual,"Haltu, Kolkata","AI Expert
GREAT PRICE
2nd owner, 60k km, no tampering — records look solid on this Jazz.
Honda engines are known to last well over high km.
Read full report",₹3.60 Lakh,"60,000 km","EMI from ₹8,936/mo",Petrol,Manual,2nd Owner
Kia EV6 GT line AWD,https://www.cardekho.com/used-car-details/used-Kia-ev6-gt-line-awd-cars-Kolkata_98e52388-72dc-4de9-92a4-504baec39436.htm,36L,2024,"23,700 kms",Electric,Automatic,"Salt Lake City, Kolkata","AI Expert
GREAT PRICE
1st owner, 24k km — history is traceable on this EV6.
Only 2 years old — near-new condition at used-car pricing.
Read full report",₹36 Lakh,"23,700 km
Below avg","EMI from ₹89,353/mo",Electric,Automatic,1st Owner
Volkswagen Polo Diesel Comfortline 1.2L,https://www.cardekho.com/used-car-details/used-Volkswagen-polo-diesel-comfortline-12l-cars-Kolkata_65a2603e-504a-4e17-8aa0-e8ed257d0a7d.htm?adId=31243&adType=41,1.80L,2013,"58,000 kms",Diesel,Manual,"Alipore, Kolkata","AI Expert
GREAT PRICE
2nd owner, 58k km on this Polo — records look solid.
Simple to run, easy to park.
Read full report",₹1.80 Lakh,"58,000 km",,Diesel,Manual,2nd Owner
Ford Aspire 1.2 Ti-VCT Titanium,https://www.cardekho.com/used-car-details/used-Ford-aspire-12-ti-vct-titanium-cars-Kolkata_728d824c-487c-4902-8ca8-44d9ecb37cf5.htm,2.93L,2017,"66,345 kms",Petrol,Manual,"Airport Po, Kolkata","AI Expert
GREAT PRICE
2nd owner, no accident, 66k km — papers are clean on this Aspire.
Ford exited India in 2021 — verify parts availability first.
Read full report",₹2.93 Lakh,"66,345 km","EMI from ₹9,064/mo",Petrol,Manual,2nd Owner
Hyundai Creta SX Opt IVT BSVI,https://www.cardekho.com/used-car-details/used-Hyundai-creta-sx-opt-ivt-bsvi-cars-Kolkata_c49692e0-fe24-4526-ae91-33b5a2c04a16.htm,10.75L,2021,"65,000 kms",Petrol,Automatic,"Ballygunge, Kolkata","AI Expert
GREAT PRICE
1st owner, 65k km, insurance verified — papers are clean on this Creta.
Read full report",₹10.75 Lakh,"65,000 km","EMI from ₹26,682/mo",Petrol,Automatic,1st Owner
Hyundai Grand i10 Nios Magna,https://www.cardekho.com/used-car-details/used-Hyundai-grand-i10-nios-magna-cars-Kolkata_df34766e-0ea6-47ac-9b74-e8a6343bd0c3.htm,5.05L,2023,"29,714 kms",Petrol,Manual,"Airport Po, Kolkata","AI Expert
GREAT PRICE
1st owner, 30k km — history looks clean on this Grand i10 Nios.
Comprehensive insurance — valid till May 2027.
Read full report",₹5.05 Lakh,"29,714 km
Below avg","EMI from ₹12,535/mo",Petrol,Manual,1st Owner
Volkswagen Polo GT TSI,https://www.cardekho.com/used-car-details/used-Volkswagen-polo-gt-tsi-cars-Kolkata_318977b3-ebde-4f1e-ab77-bde8c48915d6.htm?adId=31241&adType=41,5.50L,2018,"70,000 kms",Petrol,Automatic,"Dakshindari Road, Ghoshpara, Lake Town, Kolkata","AI Expert
FAIR PRICE
3rd owner, 70k km, no tampering on this Polo GT TSI.
Simple to run, easy to park.
Read full report",₹5.50 Lakh,"70,000 km","EMI from ₹13,652/mo",Petrol,Automatic,3rd Owner
Tata Safari Storme EX,https://www.cardekho.com/used-car-details/used-Tata-safari-storme-ex-cars-Kolkata_99045c9e-5def-43c1-b694-dbda23fdb07f.htm,4.25L,2015,"90,000 kms",Diesel,Manual,"Kasba, Kolkata","AI Expert
GREAT PRICE
1st owner, 90k km — records look solid on this Safari Storme.
Simple to run, easy to park.
Read full report",₹4.25 Lakh,"90,000 km","EMI from ₹34,434/mo",Diesel,Manual,1st Owner
Maruti Suzuki XL6 Alpha,https://www.cardekho.com/used-car-details/used-Maruti-xl6-alpha-cars-Kolkata_2eae00c2-856d-418a-bb58-31e4c9001fbf.htm,6.50L,2019,"1,47,000 kms",Petrol,Manual,"Sahapur, Kolkata","AI Expert
FAIR PRICE
1st owner, no tampering — 147k km on this XL6.
Maruti service is available in almost every city and town.
Read full report",₹6.50 Lakh,"1,47,000 km","EMI from ₹16,134/mo",Petrol,Manual,1st Owner
Hyundai Creta 1.6 VTVT SX Plus,https://www.cardekho.com/used-car-details/used-Hyundai-creta-16-vtvt-sx-plus-cars-Kolkata_088168f4-383c-4561-8129-96d4df93660f.htm,4.70L,2017,"90,000 kms",Petrol,Manual,"Ballygunge, Kolkata","AI Expert
GREAT PRICE
1st owner, 90k km — documents are clean on this Creta.
Creta holds resale value well for a used SUV buyer.
Read full report",₹4.70 Lakh,"90,000 km","EMI from ₹14,561/mo",Petrol,Manual,1st Owner
Mercedes-Benz E-Class E200 Edition E,https://www.cardekho.com/used-car-details/used-Mercedes-benz-e-class-e200-edition-e-cars-Kolkata_73cb6908-ec97-4ea7-8c3e-c6ed1bb470eb.htm?adId=32414&adType=41,19.25L,2017,"51,089 kms",Petrol,Automatic,"Salt Lake City, Kolkata","AI Expert
GREAT PRICE
1st owner, 51k km — history is traceable on this E-Class.
Mercedes feel at used-car pricing — badge, cabin, tech.
Read full report",₹19.25 Lakh,"51,089 km","EMI from ₹59,635/mo",Petrol,Automatic,1st Owner
Maruti Suzuki Swift Dzire VDI,https://www.cardekho.com/used-car-details/used-Maruti-swift-dzire-vdi-cars-Kolkata_5ada2cac-064d-4a44-abf8-16e7ca70e493.htm,2.20L,2013,"90,000 kms",Diesel,Manual,"Thakurpukur, Kolkata","AI Expert
BELOW MARKET
2nd owner, 90k km on this Swift Dzire — key checks are clear.
Simple to run, easy to park.
Read full report",₹2.20 Lakh,"90,000 km",,Diesel,Manual,2nd Owner
Maruti Suzuki Ignis Zeta AMT BSVI,https://www.cardekho.com/used-car-details/used-Maruti-ignis-zeta-amt-bsvi-cars-Kolkata_49aaf7fc-2572-457e-bb4d-9851f91c711a.htm,5.25L,2022,"30,000 kms",Petrol,Automatic,"Ballygunge, Kolkata","AI Expert
GREAT PRICE
1st owner, 30k km — documents are clean on this Ignis.
Maruti service is available in almost every city and town.
Read full report",₹5.25 Lakh,"30,000 km
Below avg","EMI from ₹13,031/mo",Petrol,Automatic,1st Owner
Honda Mobilio V i-VTEC,https://www.cardekho.com/used-car-details/used-Honda-mobilio-v-i-vtec-cars-Kolkata_eb0104c5-236e-4e6d-b539-e8b6e2c2d310.htm,3.65L,2015,"29,929 kms",Petrol,Manual,"Beleghata, Kolkata","AI Expert
GREAT PRICE
2nd owner, 30k km on this Mobilio — key checks pass.
Honda engines are known to last well over high km.
Read full report",₹3.65 Lakh,"29,929 km
Below avg","EMI from ₹29,573/mo",Petrol,Manual,2nd Owner
Maruti Suzuki Dzire VXI BSVI,https://www.cardekho.com/used-car-details/used-Maruti-dzire-vxi-bsvi-cars-Kolkata_c11e5b16-129c-4aa0-afd6-dcc52f253a29.htm?adId=32886&adType=41,4.50L,2021,"90,000 kms",Petrol,Manual,"Ashoke Road, Ashok Trust, Raipur, Ganguly Bagan, Kolkata","AI Expert
GREAT PRICE
1st owner, 90k km — ownership and odometer are clear on this Dzire.
Simple to run, easy to park.
Read full report",₹4.50 Lakh,"90,000 km","EMI from ₹11,170/mo",Petrol,Manual,1st Owner
Hyundai Venue SX Opt Diesel,https://www.cardekho.com/used-car-details/used-Hyundai-venue-sx-opt-diesel-cars-Kolkata_dade67bd-5817-47b0-8ff3-92ba5aff3e2b.htm,7.99L,2022,"55,000 kms",Diesel,Manual,"Bhowanipore, Kolkata","AI Expert
BELOW MARKET
1st owner, 55k km — papers are clean on this Venue.
Hyundai has a wide service network across India.
Read full report",₹7.99 Lakh,"55,000 km","EMI from ₹19,835/mo",Diesel,Manual,1st Owner
Hyundai Elantra 2.0 SX,https://www.cardekho.com/used-car-details/used-Hyundai-elantra-20-sx-cars-Kolkata_acc61f75-8549-4e4a-a366-02fe5086e946.htm,4.50L,2017,"39,000 kms",Petrol,Manual,Kolkata,"AI Expert
BELOW MARKET
2nd owner, no accident — 39k km is normal for a 9-year Elantra.
Hyundai has a wide service network across India.
Read full report",₹4.50 Lakh,"39,000 km","EMI from ₹13,941/mo",Petrol,Manual,2nd Owner
Hyundai Creta SX IVT,https://www.cardekho.com/used-car-details/used-Hyundai-creta-sx-ivt-cars-Kolkata_79c4f041-9c90-4725-bc33-54b83392fd29.htm,11.70L,2023,"38,000 kms",Petrol,Automatic,"Ballygunge, Kolkata","AI Expert
GREAT PRICE
1st owner, 38k km — history is traceable on this Creta.
Hyundai has a wide service network across India.
Read full report",₹11.70 Lakh,"38,000 km","EMI from ₹29,040/mo",Petrol,Automatic,1st Owner
Renault KWID 1.0 RXT 02 Anniversary Edition,https://www.cardekho.com/used-car-details/used-Renault-kwid-10-rxt-02-anniversary-edition-cars-Kolkata_d6d92127-e259-4bc7-83f8-1f5a18211acf.htm?adId=32802&adType=41,2.49L,2018,"37,000 kms",Petrol,Manual,"J.b.s, Kolkata","AI Expert
BELOW MARKET
1st owner, 37k km — history is traceable on this KWID.
Price dropped ₹16k — now at ₹2.5L.
Read full report",₹2.49 Lakh,"37,000 km","EMI from ₹6,181/mo",Petrol,Manual,1st Owner
Kia Seltos HTK Plus D,https://www.cardekho.com/buy-used-car-details/used-Kia-seltos-htk-plus-d-cars-Kolkata_79670b9d-e8e7-4c0f-8a4b-d6269f11561c.htm,6.88L,2020,"87,223 kms",Diesel,Manual,"University, Kolkata","AI Expert
GREAT PRICE
1st owner, 87k km — key checks pass on this Seltos.
Price dropped ₹22k — now at ₹6.9L.
Read full report",₹6.88 Lakh,"87,223 km","EMI from ₹17,077/mo",Diesel,Manual,1st Owner
Tata Tiago XTA AMT,https://www.cardekho.com/used-car-details/used-Tata-tiago-xta-amt-cars-Kolkata_851313b3-2d1f-4370-9cc5-c00e54bc74da.htm,5L,2023,"18,000 kms",Petrol,Automatic,"Mahestala, Kolkata","AI Expert
GREAT PRICE
2nd owner, 18k km — key checks pass on this Tiago.
Only 18k km — lower than 90% of similar Tiagos on CarDekho.
Read full report",₹5 Lakh,"18,000 km
Below avg","EMI from ₹12,411/mo",Petrol,Automatic,2nd Owner
Mahindra XUV500 W6 2WD,https://www.cardekho.com/used-car-details/used-Mahindra-xuv500-w6-2wd-cars-Kolkata_13e3080a-2893-4faf-850a-ed49ce4e8bad.htm,3.99L,2014,"70,000 kms",Diesel,Manual,"Sarat Bose Road, Kolkata","AI Expert
BELOW MARKET
1st owner, 70k km — key checks pass on this XUV500.
Price dropped ₹35k — now at ₹4L.
Read full report",₹3.99 Lakh,"70,000 km",,Diesel,Manual,1st Owner
Jeep Compass 2.0 Limited 4X4,https://www.cardekho.com/used-car-details/used-Jeep-compass-20-limited-4x4-cars-Kolkata_acc9a013-6787-4bd8-9c51-f96295f63d7c.htm?adId=31987&adType=41,7.40L,2018,"48,000 kms",Diesel,Manual,"Middleton Row, Kolkata","AI Expert
GREAT PRICE
2nd owner, 48k km on this Compass — key checks pass.
Simple to run, easy to park.
Read full report",₹7.40 Lakh,"48,000 km","EMI from ₹18,367/mo",Diesel,Manual,2nd Owner
Volkswagen Taigun 1.0 Topline AT Sound Edition,https://www.cardekho.com/used-car-details/used-Volkswagen-taigun-10-topline-at-sound-edition-cars-Kolkata_dcae79a2-d551-4f11-968c-4ad6ec24b8f5.htm,14.40L,2024,"9,290 kms",Petrol,Automatic,"Dumdum Road, Kolkata",,₹14.40 Lakh,"9,290 km
Below avg","EMI from ₹35,742/mo",Petrol,Automatic,1st Owner
Kia Seltos HTX IVT,https://www.cardekho.com/used-car-details/used-Kia-seltos-htx-ivt-cars-Kolkata_bec4df32-4c79-437c-83d4-915bddbb11e9.htm,11L,2023,"15,807 kms",Petrol,Automatic,"Rabindra Nagar, Kolkata",,₹11 Lakh,"15,807 km
Below avg","EMI from ₹27,303/mo",Petrol,Automatic,1st Owner
Hyundai Grand i10 1.2 Kappa Sportz BSIV,https://www.cardekho.com/used-car-details/used-Hyundai-grand-i10-12-kappa-sportz-bsiv-cars-Kolkata_0871bc57-d3b5-4a48-95e8-3812106acc9e.htm,3.50L,2017,"75,000 kms",Petrol,Manual,"Salt Lake City, Kolkata",,₹3.50 Lakh,"75,000 km","EMI from ₹10,843/mo",Petrol,Manual,1st Owner
Audi A4 Technology,https://www.cardekho.com/used-car-details/used-Audi-a4-technology-cars-Kolkata_9e8c53c6-02e1-4c0c-9e4c-4b9c3b8915bf.htm,43.17 Lakh,2024,"13,000 km
Below avg",,,,,₹43.17 Lakh,"13,000 km
Below avg","EMI from ₹1,07,149/mo",Petrol,Automatic,1st Owner
Jeep Compass 2.0 Limited Opt Diesel BSVI,https://www.cardekho.com/used-car-details/used-Jeep-compass-20-limited-opt-diesel-bsvi-cars-Kolkata_adec372b-7af0-45e3-ac59-1ed2dd8e4c3c.htm,10.50 Lakh,2021,"1,15,000 km",,,,,₹10.50 Lakh,"1,15,000 km","EMI from ₹26,062/mo",Diesel,Manual,2nd Owner
Honda BR-V i-VTEC S MT,https://www.cardekho.com/used-car-details/used-Honda-br-v-i-vtec-s-mt-cars-Kolkata_76506187-d5a2-451a-a0cc-65bb532ac2b5.htm,4.21 Lakh,2016,"1,50,000 km",,,,,₹4.21 Lakh,"1,50,000 km","EMI from ₹18,282/mo",Petrol,Manual,3rd Owner
Ford Ecosport 1.5 DV5 MT Titanium,https://www.cardekho.com/used-car-details/used-Ford-ecosport-15-dv5-mt-titanium-cars-Kolkata_bb4da100-f676-4d53-a134-3c78475a1723.htm,3.10 Lakh,2015,"80,000 km",,,,,₹3.10 Lakh,"80,000 km","EMI from ₹25,117/mo",Diesel,Manual,3rd Owner
Maruti Suzuki Alto K10 VXI,https://www.cardekho.com/used-car-details/used-Maruti-alto-k10-vxi-cars-Kolkata_5470a112-09da-4124-8f65-0ca318384bb9.htm,3.90 Lakh,2023,"11,000 km
Below avg",,,,,₹3.90 Lakh,"11,000 km
Below avg","EMI from ₹9,680/mo",Petrol,Manual,1st Owner
Renault KWID 1.0 RXT BSIV,https://www.cardekho.com/used-car-details/used-Renault-kwid-10-rxt-bsiv-cars-Kolkata_e5d5a80a-5169-4fe9-92c7-677408fa03ab.htm,2.25L,2019,"22,000 kms",Petrol,Manual,"Ballygunge, Kolkata","AI Expert
BELOW MARKET
2nd owner, 22k km — key checks pass on this KWID.
Simple to run, easy to park.
Read full report",₹2.25 Lakh,"22,000 km
Below avg","EMI from ₹5,585/mo",Petrol,Manual,2nd Owner
Hyundai i10 Sportz 1.1L,https://www.cardekho.com/used-car-details/used-Hyundai-i10-sportz-11l-cars-Kolkata_52b9c6a8-f05f-43f6-bf08-e6acd0fc0799.htm,2.25L,2014,"34,103 kms",Petrol,Manual,"Airport Po, Kolkata","AI Expert
GREAT PRICE
1st owner, 34k km — papers are clean on this i10.
Comprehensive insurance — valid till April 2027.
Read full report",₹2.25 Lakh,"34,103 km
Below avg",,Petrol,Manual,1st Owner
Renault KWID Climber 1.0 MT Opt,https://www.cardekho.com/buy-used-car-details/used-Renault-kwid-climber-10-mt-opt-cars-Kolkata_6facf0de-c850-4a6c-bc48-d9bf51978308.htm,3.32L,2021,"54,166 kms",Petrol,Manual,"University, Kolkata","AI Expert
GREAT PRICE
2nd owner, 54k km on this KWID — documents are clear.
Price dropped ₹16k — now at ₹3.3L.
Read full report",₹3.32 Lakh,"54,166 km","EMI from ₹8,231/mo",Petrol,Manual,2nd Owner
Toyota Innova Crysta 2.4 VX 8Str,https://www.cardekho.com/used-car-details/used-Toyota-innova-crysta-24-vx-8str-cars-Kolkata_31894da4-7995-4cbb-a143-c738139f803a.htm?adId=32415&adType=41,21.25L,2024,"24,974 kms",Diesel,Manual,"Salt Lake City, Kolkata","AI Expert
GREAT PRICE
1st owner, 25k km — history looks solid on this Innova Crysta.
Only 2 years old — near-new condition at used-car pricing.
Read full report",₹21.25 Lakh,"24,974 km","EMI from ₹52,743/mo",Diesel,Manual,1st Owner
Hyundai Creta SX (O),https://www.cardekho.com/used-car-details/used-Hyundai-creta-sx-o-cars-Kolkata_710f3ab6-362b-46eb-b628-f7663852dfd4.htm,13.75L,2024,"19,000 kms",Petrol,Manual,"Kasba, Kolkata","AI Expert
GREAT PRICE
1st owner, 19k km — documents are clean on this Creta.
Only 2 years old — near-new condition at used-car pricing.
Read full report",₹13.75 Lakh,"19,000 km
Below avg","EMI from ₹34,128/mo",Petrol,Manual,1st Owner
Maruti Suzuki Swift VXI,https://www.cardekho.com/used-car-details/used-Maruti-swift-vxi-cars-Kolkata_0d12e649-cdf3-4c0b-8d51-6f06000b7155.htm,3.19L,2015,"44,488 kms",Petrol,Manual,"E.K.T, Kolkata","AI Expert
GREAT PRICE
1st owner, 44k km — documents are clean on this Swift.
Comprehensive insurance — valid till May 2027.
Read full report",₹3.19 Lakh,"44,488 km
Below avg","EMI from ₹25,846/mo",Petrol,Manual,1st Owner
Maruti Suzuki Ciaz 1.4 Delta,https://www.cardekho.com/used-car-details/used-Maruti-ciaz-14-delta-cars-Kolkata_ccaefcaa-7421-4756-b520-308a066f6577.htm,5.89L,2022,"39,159 kms",Petrol,Manual,"E.K.T, Kolkata","AI Expert
GREAT PRICE
1st owner, 39k km — ownership and odometer look clean on this Ciaz.
300-point inspection done. Warranty included.
Read full report",₹5.89 Lakh,"39,159 km
Below avg","EMI from ₹14,609/mo",Petrol,Manual,1st Owner
Kia Seltos GTX Plus Turbo DCT,https://www.cardekho.com/used-car-details/used-Kia-seltos-gtx-plus-turbo-dct-cars-Kolkata_163a4374-fe6a-4f58-aa60-567137cafbe7.htm?adId=30887&adType=41,13.99L,2023,"28,000 kms",Petrol,Automatic,"Kasba, Kolkata","AI Expert
GREAT PRICE
1st owner, 28k km — history is clean on this Seltos.
Kia Seltos holds value well for resale.
Read full report",₹13.99 Lakh,"28,000 km
Below avg","EMI from ₹34,724/mo",Petrol,Automatic,1st Owner
Mahindra Marazzo M6 Plus BSVI,https://www.cardekho.com/used-car-details/used-Mahindra-marazzo-m6-plus-bsvi-cars-Kolkata_b50137c4-a205-4eda-be16-19e743ba4e61.htm,6.75L,2022,"65,000 kms",Diesel,Manual,"Bhowanipore, Kolkata","AI Expert
GREAT PRICE
1st owner, 65k km — key checks pass on this Marazzo.
Mahindra SUVs are built for Indian roads — .
Read full report",₹6.75 Lakh,"65,000 km","EMI from ₹16,757/mo",Diesel,Manual,1st Owner
Honda City VX MT,https://www.cardekho.com/used-car-details/used-Honda-city-vx-mt-cars-Kolkata_260e9946-13dc-4180-98d6-501a8723bc8c.htm,7.79L,2022,"25,916 kms",Petrol,Manual,"University, Kolkata","AI Expert
GREAT PRICE
1st owner, no accident, 26k km — key checks pass on this City.
Price dropped ₹30k — now at ₹7.8L.
Read full report",₹7.79 Lakh,"25,916 km
Below avg","EMI from ₹19,334/mo",Petrol,Manual,1st Owner
Maruti Suzuki S-Presso VXi Plus (O),https://www.cardekho.com/used-car-details/used-Maruti-s-presso-vxi-plus-o-cars-Kolkata_1dc00821-f561-43f4-94d2-d6f7bb3d000f.htm,3.79L,2023,"15,925 kms",Petrol,Manual,"University, Kolkata","AI Expert
BELOW MARKET
1st owner, 16k km — history is traceable on this S-Presso.
Price dropped ₹14k — now at ₹3.8L.
Read full report",₹3.79 Lakh,"15,925 km
Below avg","EMI from ₹9,415/mo",Petrol,Manual,1st Owner
Maruti Suzuki Celerio X ZXI,https://www.cardekho.com/used-car-details/used-Maruti-celerio-x-zxi-cars-Kolkata_9723019c-79f4-4d29-b49b-f93bc238a034.htm?adId=32162&adType=41,4.05L,2021,"50,000 kms",Petrol,Manual,"Baranagar, Kolkata","AI Expert
GREAT PRICE
1st owner, 50k km — key checks pass on this Celerio X.
Maruti service is available in almost every city and town.
Read full report",₹4.05 Lakh,"50,000 km","EMI from ₹10,053/mo",Petrol,Manual,1st Owner
Kia EV6 GT line AWD,https://www.cardekho.com/used-car-details/used-Kia-ev6-gt-line-awd-cars-Kolkata_98e52388-72dc-4de9-92a4-504baec39436.htm,36L,2024,"23,700 kms",Electric,Automatic,"Salt Lake City, Kolkata","AI Expert
GREAT PRICE
1st owner, 24k km — history is traceable on this EV6.
Only 2 years old — near-new condition at used-car pricing.
Read full report",₹36 Lakh,"23,700 km
Below avg","EMI from ₹89,353/mo",Electric,Automatic,1st Owner
Toyota Corolla Altis Petrol LE,https://www.cardekho.com/buy-used-car-details/used-Toyota-corolla-altis-petrol-le-cars-Kolkata_4c2712af-207d-4bb3-8c25-4c5b43b95771.htm,4.55L,2015,"54,044 kms",Petrol,Manual,"E.K.T, Kolkata","AI Expert
GREAT PRICE
2nd owner, 54k km — papers are clean on this Corolla Altis.
Comprehensive insurance — valid till May 2027.
Read full report",₹4.55 Lakh,"54,044 km","EMI from ₹36,865/mo",Petrol,Manual,2nd Owner
Skoda Octavia 1.8 TSI AT Style,https://www.cardekho.com/used-car-details/used-Skoda-octavia-18-tsi-at-style-cars-Kolkata_4fb8ed05-3549-42b7-ae85-ac329d5dad0a.htm,10.25L,2019,"61,587 kms",Petrol,Automatic,"Salt Lake City, Kolkata","AI Expert
GREAT PRICE
1st owner, 62k km — ownership and odometer look solid on this Octavia.
Skoda Superb offers executive-level cabin quality at used-car pricing.
Read full report",₹10.25 Lakh,"61,587 km","EMI from ₹25,441/mo",Petrol,Automatic,1st Owner
Tata Punch Adventure Rhythm BSVI,https://www.cardekho.com/used-car-details/used-Tata-punch-adventure-rhythm-bsvi-cars-Kolkata_390b6d72-6134-4ce7-bb07-311dbc24516f.htm?adId=32630&adType=41,6.56L,2023,"7,000 kms",Petrol,Manual,Kolkata,"AI Expert
GREAT PRICE
1st owner, 7k km — history looks solid on this Punch.
Only 7k km — lower than 98% of similar Punchs on CarDekho.
Read full report",₹6.56 Lakh,"7,000 km
Below avg","EMI from ₹16,283/mo",Petrol,Manual,1st Owner
Hyundai Exter EX,https://www.cardekho.com/used-car-details/used-Hyundai-exter-ex-cars-Kolkata_95244c86-403c-4993-89d5-dff013db0eea.htm,7.59L,2024,"7,483 kms",Petrol,Manual,"Salt Lake City, Kolkata","AI Expert
GREAT PRICE
1st owner, 7k km — key checks pass on this Exter.
Only 2 years old — near-new condition at used-car pricing.
Read full report",₹7.59 Lakh,"7,483 km
Below avg","EMI from ₹18,839/mo",Petrol,Manual,1st Owner
Ford Ecosport 1.5 Diesel Titanium,https://www.cardekho.com/used-car-details/used-Ford-ecosport-15-diesel-titanium-cars-Kolkata_b7d3438e-0202-433f-93b0-50103c9617e2.htm,7.49L,2021,"64,000 kms",Diesel,Manual,"Bhowanipore, Kolkata","AI Expert
GREAT PRICE
1st owner, 64k km — ownership looks clean on this Ecosport.
Ford exited India in 2021 — verify parts availability first.
Read full report",₹7.49 Lakh,"64,000 km","EMI from ₹18,594/mo",Diesel,Manual,1st Owner
Maruti Suzuki Swift LXi,https://www.cardekho.com/used-car-details/used-Maruti-swift-lxi-cars-Kolkata_4e22177f-b7f4-4c6b-aafa-6c581e961232.htm,3.08L,2016,"46,343 kms",Petrol,Manual,"Airport Po, Kolkata","AI Expert
GREAT PRICE
1st owner, 46k km — documents are clean on this Swift.
300-point inspection done. Warranty included.
Read full report",₹3.08 Lakh,"46,343 km","EMI from ₹13,357/mo",Petrol,Manual,1st Owner
Hyundai Verna SX,https://www.cardekho.com/used-car-details/used-Hyundai-verna-sx-cars-Kolkata_a8631b74-b794-454c-8b15-22648e6db5e6.htm?adId=31023&adType=41,7.99L,2021,"22,000 kms",Petrol,Manual,"Bhowanipore, Kolkata","AI Expert
GREAT PRICE
1st owner, 22k km — history looks solid on this Verna.
Hyundai has a wide service network across India.
Read full report",₹7.99 Lakh,"22,000 km
Below avg","EMI from ₹19,835/mo",Petrol,Manual,1st Owner
Tata Nexon EV XZ Plus,https://www.cardekho.com/used-car-details/used-Tata-nexon-ev-xz-plus-cars-Kolkata_5a316e04-011b-4a6a-899f-f0ea04283870.htm,7L,2021,"1,20,000 kms",Electric,Automatic,"Roy Bahadur Road, Senhati Colony, Behala, Kolkata","AI Expert
GREAT PRICE
1st owner, 120k km — history is traceable on this Nexon EV.
Tata EVs have near-zero running costs for daily city use.
Read full report",₹7 Lakh,"1,20,000 km","EMI from ₹17,375/mo",Electric,Automatic,1st Owner
Hyundai Alcazar Platinum AE Turbo 7Str,https://www.cardekho.com/used-car-details/used-Hyundai-alcazar-platinum-ae-turbo-7str-cars-Kolkata_91235a2b-a2f7-473c-b99a-c037319c08b4.htm,13.55L,2023,"26,064 kms",Petrol,Manual,"E.K.T, Kolkata","AI Expert
GREAT PRICE
1st owner, 26k km — records look solid on this Alcazar.
300-point inspection done. Warranty included.
Read full report",₹13.55 Lakh,"26,064 km
Below avg","EMI from ₹33,632/mo",Petrol,Manual,1st Owner
Hyundai Creta EX,https://www.cardekho.com/buy-used-car-details/used-Hyundai-creta-ex-cars-Kolkata_a8b18326-9a5e-4949-8848-7c45c1d49b84.htm,7.55L,2022,"25,804 kms",Petrol,Manual,"Airport Po, Kolkata","AI Expert
GREAT PRICE
2nd owner, no accident — 26k km is normal for this 4-year Creta.
300-point inspection done. Warranty included.
Read full report",₹7.55 Lakh,"25,804 km
Below avg","EMI from ₹18,729/mo",Petrol,Manual,2nd Owner
Jeep Meridian Limited Opt AT 4x4 BSVI,https://www.cardekho.com/used-car-details/used-Jeep-meridian-limited-opt-at-4x4-bsvi-cars-Kolkata_ef942e41-6366-428e-96e3-421d1385abd4.htm?adId=33119&adType=41,28L,2023,"50,000 kms",Diesel,Automatic,"Elliot Road, Kolkata","AI Expert
FAIR PRICE
2nd owner, 50k km — papers are clean on this Meridian.
Read the full verdict before you decide.
Read full report",₹28 Lakh,"50,000 km","EMI from ₹69,497/mo",Diesel,Automatic,2nd Owner
MG Hector Hybrid Smart MT BSIV,https://www.cardekho.com/used-car-details/used-Mg-hector-hybrid-smart-mt-bsiv-cars-Kolkata_2e9e30f0-e63b-4537-bc4a-a61cf8d034d2.htm,8.50L,2019,"43,000 kms",Petrol,Manual,"Ballygunge, Kolkata","AI Expert
GREAT PRICE
1st owner, 43k km, no accident — documents are clean on this Hector.
Read the full verdict before you decide.
Read full report",₹8.50 Lakh,"43,000 km","EMI from ₹21,098/mo",Petrol,Manual,1st Owner
Renault Duster 85PS Diesel RxL,https://www.cardekho.com/used-car-details/used-Renault-duster-85ps-diesel-rxl-cars-Kolkata_97060b61-fd3d-4b6d-9362-1680e6bc6efe.htm,2.60L,2014,"64,000 kms",Diesel,Manual,"Sarat Bose Road, Kolkata","AI Expert
BELOW MARKET
1st owner, 64k km — documents look clean on this Duster.
Price dropped ₹30k — now at ₹2.6L.
Read full report",₹2.60 Lakh,"64,000 km",,Diesel,Manual,1st Owner
Volkswagen Vento 1.5 TDI Highline,https://www.cardekho.com/used-car-details/used-Volkswagen-vento-15-tdi-highline-cars-Kolkata_ff32bf42-11b6-439d-91dd-65257a96e150.htm,5.86L,2019,"88,035 kms",Diesel,Manual,"University, Kolkata","AI Expert
GREAT PRICE
1st owner, 88k km — records look solid on this Vento.
Price dropped ₹33k — now at ₹5.9L.
Read full report",₹5.86 Lakh,"88,035 km","EMI from ₹14,544/mo",Diesel,Manual,1st Owner
Maruti Suzuki Ciaz Sigma BSVI,https://www.cardekho.com/used-car-details/used-Maruti-ciaz-sigma-bsvi-cars-Kolkata_b0ddcaef-3feb-4fc9-9fae-28181fe44fa6.htm?adId=31783&adType=41,6.20L,2022,"50,000 kms",Petrol,Manual,"Sealdah, Kolkata","AI Expert
GREAT PRICE
1st owner, no odometer tampering — 50k km on this Ciaz looks solid.
Maruti service is easy to find.
Read full report",₹6.20 Lakh,"50,000 km","EMI from ₹15,389/mo",Petrol,Manual,1st Owner
Maruti Suzuki Swift ZXI,https://www.cardekho.com/used-car-details/used-Maruti-swift-zxi-cars-Kolkata_1b5c7518-a845-4d84-9b5f-d597e8c6a0c6.htm,3.32L,2015,"71,483 kms",Petrol,Manual,"E.K.T, Kolkata","AI Expert
FAIR PRICE
1st owner, 71k km — documents are clean on this Swift.
Comprehensive insurance — valid till June 2027.
Read full report",₹3.32 Lakh,"71,483 km","EMI from ₹26,865/mo",Petrol,Manual,1st Owner
Kia Sonet GTX Plus Turbo iMT BSVI,https://www.cardekho.com/used-car-details/used-Kia-sonet-gtx-plus-turbo-imt-bsvi-cars-Kolkata_465b4af5-cf83-4ee7-9c77-7ae429ae68b2.htm,7.98L,2021,"40,000 kms",Petrol,Manual,"Kasba, Kolkata","AI Expert
GREAT PRICE
1st owner, 40k km — history is traceable on this Sonet.
Kia is known for a feature-rich cabin at a competitive price.
Read full report",₹7.98 Lakh,"40,000 km","EMI from ₹19,807/mo",Petrol,Manual,1st Owner
Renault KWID RXT Optional,https://www.cardekho.com/used-car-details/used-Renault-kwid-rxt-optional-cars-Kolkata_fab697ce-529a-49fb-b708-af9defa852fa.htm,3.45L,2022,"12,239 kms",Petrol,Manual,"Airport Po, Kolkata","AI Expert
GREAT PRICE
1st owner, 12k km, insurance flagged — records look solid on this KWID.
Only 12k km — lower than 88% of similar KWIDs on CarDekho.
Read full report",₹3.45 Lakh,"12,239 km
Below avg","EMI from ₹8,567/mo",Petrol,Manual,1st Owner
Volkswagen Polo Diesel Comfortline 1.2L,https://www.cardekho.com/used-car-details/used-Volkswagen-polo-diesel-comfortline-12l-cars-Kolkata_65a2603e-504a-4e17-8aa0-e8ed257d0a7d.htm?adId=31243&adType=41,1.80L,2013,"58,000 kms",Diesel,Manual,"Alipore, Kolkata","AI Expert
GREAT PRICE
2nd owner, 58k km on this Polo — records look solid.
Simple to run, easy to park.
Read full report",₹1.80 Lakh,"58,000 km",,Diesel,Manual,2nd Owner
Kia Seltos X-Line DCT,https://www.cardekho.com/buy-used-car-details/used-Kia-seltos-x-line-dct-cars-Kolkata_b8fe5899-c640-4f94-b65b-00819209b463.htm,9.68L,2021,"47,881 kms",Petrol,Automatic,"University, Kolkata","AI Expert
GREAT PRICE
2nd owner, 48k km — key checks pass on this Seltos.
Price dropped ₹4.9L — now at ₹9.7L.
Read full report",₹9.68 Lakh,"47,881 km","EMI from ₹24,031/mo",Petrol,Automatic,2nd Owner
Jeep Compass 2.0 Limited Opt Diesel BSVI,https://www.cardekho.com/used-car-details/used-Jeep-compass-20-limited-opt-diesel-bsvi-cars-Kolkata_adec372b-7af0-45e3-ac59-1ed2dd8e4c3c.htm,10.50L,2021,"1,15,000 kms",Diesel,Manual,Kolkata,"AI Expert
GREAT PRICE
2nd owner, 115k km, no accident — key checks pass on this Compass.
Jeep Compass brings genuine off-road capability to the SUV space.
Read full report",₹10.50 Lakh,"1,15,000 km","EMI from ₹26,062/mo",Diesel,Manual,2nd Owner
Maruti Suzuki Ritz VDi,https://www.cardekho.com/buy-used-car-details/used-Maruti-ritz-vdi-cars-Kolkata_2c18e337-5d63-4cac-8d13-98397ceff7a6.htm,2.04L,2013,"88,797 kms",Diesel,Manual,"E.K.T, Kolkata","AI Expert
BELOW MARKET
1st owner, 89k km on this Ritz — records look solid.
300-point inspection done. Warranty included.
Read full report",₹2.04 Lakh,"88,797 km",,Diesel,Manual,1st Owner
Mahindra XUV700 AX5 7 Str,https://www.cardekho.com/used-car-details/used-Mahindra-xuv700-ax5-7-str-cars-Kolkata_8a1814af-f437-45c4-8a09-b3962036908f.htm?adId=33049&adType=41,14.50L,2023,"13,000 kms",Petrol,Manual,"Salt Lake City, Kolkata","AI Expert
BELOW MARKET
1st owner, 13k km — records look solid on this XUV700.
Only 13k km — lower than 82% of similar XUV700s on CarDekho.
Read full report",₹14.50 Lakh,"13,000 km
Below avg","EMI from ₹35,990/mo",Petrol,Manual,1st Owner
Hyundai i10 Era,https://www.cardekho.com/used-car-details/used-Hyundai-i10-era-cars-Kolkata_66e7446b-6f9c-4510-a2a9-f0e9ebae171c.htm,1.90L,2012,"41,172 kms",Petrol,Manual,"Beleghata, Kolkata","AI Expert
ABOVE MARKET
3rd owner, 41k km — records look solid on this i10.
Hyundai has a wide service network across India.
Read full report",₹1.90 Lakh,"41,172 km",,Petrol,Manual,3rd Owner
Maruti Suzuki Alto 800 LXI BSIV,https://www.cardekho.com/used-car-details/used-Maruti-alto-800-lxi-bsiv-cars-Kolkata_be6b47a5-5f9d-4e92-ae10-a66e86f1e256.htm,1.52L,2012,"29,719 kms",Petrol,Manual,"Airport Po, Kolkata","AI Expert
GREAT PRICE
2nd owner, 30k km — papers are clean on this Alto 800.
300-point inspection done. Warranty included.
Read full report",₹1.52 Lakh,"29,719 km
Below avg",,Petrol,Manual,2nd Owner
Maruti Suzuki Brezza Zxi Plus AT DT BSVI,https://www.cardekho.com/used-car-details/used-Maruti-brezza-zxi-plus-at-dt-bsvi-cars-Kolkata_5946e413-f8ff-4409-879f-65c0574f0e45.htm,9.44L,2024,"47,475 kms",Petrol,Automatic,"University, Kolkata","AI Expert
GREAT PRICE
1st owner, 47k km — key checks pass on this Brezza.
Price dropped ₹64k — now at ₹9.4L.
Read full report",₹9.44 Lakh,"47,475 km","EMI from ₹23,441/mo",Petrol,Automatic,1st Owner
Nissan Magnite Turbo XV BSVI,https://www.cardekho.com/used-car-details/used-Nissan-magnite-turbo-xv-bsvi-cars-Kolkata_a5fdbd4b-d911-40eb-837a-d349650b334b.htm?adId=32804&adType=41,4.99L,2022,"43,000 kms",Petrol,Manual,"J.b.s, Kolkata","AI Expert
BELOW MARKET
1st owner, 43k km — papers are clean on this Magnite.
Nissan Magnite offers a feature-rich cabin for its price segment.
Read full report",₹4.99 Lakh,"43,000 km
Below avg","EMI from ₹12,386/mo",Petrol,Manual,1st Owner
Honda City i-VTEC CVT ZX,https://www.cardekho.com/used-car-details/used-Honda-city-i-vtec-cvt-zx-cars-Kolkata_2f8a2d3f-7d20-4e6a-b1d8-971b82c5c1dd.htm,4.50L,2017,"82,978 kms",Petrol,Automatic,"University, Kolkata","AI Expert
GREAT PRICE
1st owner, 83k km — ownership is clean on this City.
Price dropped ₹25k — now at ₹4.5L.
Read full report",₹4.50 Lakh,"82,978 km","EMI from ₹13,953/mo",Petrol,Automatic,1st Owner
Maruti Suzuki Vitara Brezza ZXI Plus Dual Tone,https://www.cardekho.com/used-car-details/used-Maruti-vitara-brezza-zxi-plus-dual-tone-cars-Kolkata_ebe552e6-5a07-45dc-8ca4-55576deb7896.htm,7.85L,2022,"48,360 kms",Petrol,Manual,"E.K.T, Kolkata","AI Expert
GREAT PRICE
1st owner, 48k km — history is clear on this Vitara Brezza.
300-point inspection done. Warranty included.
Read full report",₹7.85 Lakh,"48,360 km","EMI from ₹19,474/mo",Petrol,Manual,1st Owner
Honda Civic VX,https://www.cardekho.com/used-car-details/used-Honda-civic-vx-cars-Kolkata_79bdd475-5df9-4f7e-8f53-98273922f03a.htm,8.95L,2019,"44,000 kms",Petrol,Automatic,"Ballygunge, Kolkata","AI Expert
GREAT PRICE
1st owner, 44k km — records look solid on this Civic.
Price dropped ₹3.5L — now at ₹8.9L.
Read full report",₹8.95 Lakh,"44,000 km
Below avg","EMI from ₹22,215/mo",Petrol,Automatic,1st Owner
MG Hector Sharp DCT,https://www.cardekho.com/used-car-details/used-Mg-hector-sharp-dct-cars-Kolkata_ffc47d5d-a9c8-4d6d-a6a4-d30ba3e0f437.htm?adId=29723&adType=41,8.65L,2019,"65,000 kms",Petrol,Automatic,"Ballygunge, Kolkata","AI Expert
GREAT PRICE
1st owner, 65k km — ownership is clean on this Hector.
Read the full verdict before you decide.
Read full report",₹8.65 Lakh,"65,000 km","EMI from ₹21,470/mo",Petrol,Automatic,1st Owner
Hyundai Tucson Signature AT,https://www.cardekho.com/used-car-details/used-Hyundai-tucson-signature-at-cars-Kolkata_dfdc71a2-c7af-4cc8-9bff-e246c92564d0.htm,18.69L,2023,"32,735 kms",Petrol,Automatic,"Kalighat, Kolkata","AI Expert
BELOW MARKET
1st owner, no accident, 33k km — history looks solid on this Tucson.
Only 33k km — lower than 84% of similar Tucsons on CarDekho.
Read full report",₹18.69 Lakh,"32,735 km
Below avg","EMI from ₹46,389/mo",Petrol,Automatic,1st Owner
Tata Nexon EV XZ Plus,https://www.cardekho.com/used-car-details/used-Tata-nexon-ev-xz-plus-cars-Kolkata_d631a9a5-3bc4-477a-be7b-6c63ecaeae27.htm,7.28L,2022,"70,000 kms",Electric,Automatic,"Kolkatta GPO, Kolkata","AI Expert
GREAT PRICE
1st owner, no accident — 70k km on this 4-year Nexon EV.
Tata EVs have near-zero running costs for daily city use.
Read full report",₹7.28 Lakh,"70,000 km","EMI from ₹18,070/mo",Electric,Automatic,1st Owner
Skoda Kushaq 1.0 TSI Ambition Classic,https://www.cardekho.com/used-car-details/used-Skoda-kushaq-10-tsi-ambition-classic-cars-Kolkata_7cd560c9-56a6-4b34-a5f4-d4ee9d297652.htm,9.30L,2023,"34,496 kms",Petrol,Manual,"Airport Po, Kolkata","AI Expert
GREAT PRICE
1st owner, 34k km — documents are clean on this Kushaq.
Comprehensive insurance — valid till June 2027.
Read full report",₹9.30 Lakh,"34,496 km","EMI from ₹23,083/mo",Petrol,Manual,1st Owner
Maruti Suzuki Alto 800 LXI,https://www.cardekho.com/used-car-details/used-Maruti-alto-800-lxi-cars-Kolkata_20c09643-b9e6-4261-b96d-f55d96cb5bc4.htm?adId=32987&adType=41,2.25L,2018,"44,000 kms",Petrol,Manual,"Garia Bt, Kolkata","AI Expert
GREAT PRICE
1st owner, 44k km — history looks solid on this Alto 800.
Simple to run, easy to park.
Read full report",₹2.25 Lakh,"44,000 km","EMI from ₹5,585/mo",Petrol,Manual,1st Owner
Hyundai Verna VTVT 1.6 AT SX Plus,https://www.cardekho.com/used-car-details/used-Hyundai-verna-vtvt-16-at-sx-plus-cars-Kolkata_6eb3a1a8-411e-431a-8d80-0475011d117a.htm,6.50L,2019,"60,000 kms",Petrol,Automatic,"Garia, Kolkata","AI Expert
GREAT PRICE
1st owner, 60k km — key checks pass on this Verna.
Hyundai has a wide service network across India.
Read full report",₹6.50 Lakh,"60,000 km","EMI from ₹16,134/mo",Petrol,Automatic,1st Owner
Mahindra KUV 100 NXT G80 K4 Plus 6Str,https://www.cardekho.com/used-car-details/used-Mahindra-kuv-100-nxt-g80-k4-plus-6str-cars-Kolkata_22ca9d86-0844-4d24-952d-ca45a49da76b.htm,2.98L,2018,"62,829 kms",Petrol,Manual,"E.K.T, Kolkata","AI Expert
GREAT PRICE
1st owner, 63k km — history is traceable on this KUV 100 NXT.
Comprehensive insurance — valid till March 2027.
Read full report",₹2.98 Lakh,"62,829 km","EMI from ₹7,386/mo",Petrol,Manual,1st Owner
Maruti Suzuki Zen Estilo VXI BSIV,https://www.cardekho.com/used-car-details/used-Maruti-zen-estilo-vxi-bsiv-cars-Kolkata_159faacd-af54-4e4c-b698-9ad8e9f119c1.htm,1.56L,2012,"78,872 kms",Petrol,Manual,"Airport Po, Kolkata","AI Expert
GREAT PRICE
2nd owner, 79k km — papers are clean on this Zen Estilo.
300-point inspection done. Warranty included.
Read full report",₹1.56 Lakh,"78,872 km",,Petrol,Manual,2nd Owner
Hyundai Creta SX BSVI,https://www.cardekho.com/used-car-details/used-Hyundai-creta-sx-bsvi-cars-Kolkata_d7434222-7d69-4740-827f-64cd452ff47a.htm?adId=32522&adType=41,10.50L,2023,"21,000 kms",Petrol,Manual,"Kasba, Kolkata","AI Expert
GREAT PRICE
1st owner, no accident, 21k km — documents are clean on this Creta.
Hyundai has a wide service network across India.
Read full report",₹10.50 Lakh,"21,000 km
Below avg","EMI from ₹26,062/mo",Petrol,Manual,1st Owner
Hyundai Creta SX Diesel,https://www.cardekho.com/used-car-details/used-Hyundai-creta-sx-diesel-cars-Kolkata_96a9bea9-4038-478d-83f3-aa5ca6bd742d.htm,11.35L,2023,"35,000 kms",Diesel,Manual,"Ghose Bagan, Kolkata","AI Expert
GREAT PRICE
1st owner, 35k km, insurance flagged — key checks pass on this Creta.
Hyundai has a wide service network across India.
Read full report",₹11.35 Lakh,"35,000 km","EMI from ₹28,171/mo",Diesel,Manual,1st Owner
Hyundai Grand i10 Nios Magna,https://www.cardekho.com/used-car-details/used-Hyundai-grand-i10-nios-magna-cars-Kolkata_df34766e-0ea6-47ac-9b74-e8a6343bd0c3.htm,5.05L,2023,"29,714 kms",Petrol,Manual,"Airport Po, Kolkata","AI Expert
GREAT PRICE
1st owner, 30k km — history looks clean on this Grand i10 Nios.
Comprehensive insurance — valid till May 2027.
Read full report",₹5.05 Lakh,"29,714 km
Below avg","EMI from ₹12,535/mo",Petrol,Manual,1st Owner
Hyundai Alcazar Prestige Turbo 7 Seater BSVI,https://www.cardekho.com/used-car-details/used-Hyundai-alcazar-prestige-turbo-7-seater-bsvi-cars-Kolkata_b5f30bab-dd35-4a4c-877f-1ecd376b9ef1.htm,11.99L,2023,"7,520 kms",Petrol,Manual,"Entally, Kolkata","AI Expert
GREAT PRICE
1st owner, 8k km — history looks solid on this Alcazar.
Only 8k km — lower than 96% of similar Alcazars on CarDekho.
Read full report",₹11.99 Lakh,"7,520 km
Below avg","EMI from ₹29,763/mo",Petrol,Manual,1st Owner
Hyundai i10 Magna 1.1L,https://www.cardekho.com/used-car-details/used-Hyundai-i10-magna-11l-cars-Kolkata_3a0aa2bf-79a4-4754-afbd-ed1b69073f2f.htm?adId=32163&adType=41,2.25L,2015,"15,000 kms",Petrol,Manual,"Baranagar, Kolkata","AI Expert
BELOW MARKET
1st owner, 15k km, no accident on this i10 — papers are clean.
Only 15k km — lower than 96% of similar i10s on CarDekho.
Read full report",₹2.25 Lakh,"15,000 km
Below avg","EMI from ₹18,230/mo",Petrol,Manual,1st Owner
Maruti Suzuki Ciaz Delta 1.5,https://www.cardekho.com/used-car-details/used-Maruti-ciaz-delta-15-cars-Kolkata_94c2ea44-f4b4-4660-be88-f30483195639.htm,4.99L,2020,"6,500 kms",Diesel,Manual,"Bhowanipore, Kolkata","AI Expert
GREAT PRICE
1st owner, 6k km — documents are clean on this Ciaz.
Only 6k km — lower than 98% of similar Ciazs on CarDekho.
Read full report",₹4.99 Lakh,"6,500 km
Below avg","EMI from ₹12,389/mo",Diesel,Manual,1st Owner
Hyundai Creta SX IVT,https://www.cardekho.com/used-car-details/used-Hyundai-creta-sx-ivt-cars-Kolkata_79c4f041-9c90-4725-bc33-54b83392fd29.htm,11.70L,2023,"38,000 kms",Petrol,Automatic,"Ballygunge, Kolkata","AI Expert
GREAT PRICE
1st owner, 38k km — history is traceable on this Creta.
Hyundai has a wide service network across India.
Read full report",₹11.70 Lakh,"38,000 km","EMI from ₹29,040/mo",Petrol,Automatic,1st Owner
Maruti Suzuki S-Presso VXi Plus (O),https://www.cardekho.com/used-car-details/used-Maruti-s-presso-vxi-plus-o-cars-Kolkata_1dc00821-f561-43f4-94d2-d6f7bb3d000f.htm,3.79L,2023,"15,925 kms",Petrol,Manual,"University, Kolkata","AI Expert
BELOW MARKET
1st owner, 16k km — history is traceable on this S-Presso.
Price dropped ₹14k — now at ₹3.8L.
Read full report",₹3.79 Lakh,"15,925 km
Below avg","EMI from ₹9,415/mo",Petrol,Manual,1st Owner
Tata Safari Accomplished Plus,https://www.cardekho.com/used-car-details/used-Tata-safari-accomplished-plus-cars-Kolkata_3527661d-988a-4708-ab96-b6c3c83c0c2a.htm?adId=32985&adType=41,16L,2023,"86,000 kms",Diesel,Manual,"Khiddirpore, Kolkata","AI Expert
FAIR PRICE
1st owner, no odometer tampering, 86k km on this Safari.
Tata has a wide service network and reliable after-sales support.
Read full report",₹16 Lakh,"86,000 km","EMI from ₹39,713/mo",Diesel,Manual,1st Owner
Mercedes-Benz A Class A180 CDI,https://www.cardekho.com/used-car-details/used-Mercedes-benz-a-class-a180-cdi-cars-Kolkata_02090b5d-84bd-4b43-be8b-5f670d1af189.htm,10L,2014,"40,000 kms",Diesel,Automatic,"Gobinda Khatick Road, Kolkata",,₹10 Lakh,"40,000 km",,Diesel,Automatic,2nd Owner
Volkswagen Polo 1.2 MPI Comfortline,https://www.cardekho.com/used-car-details/used-Volkswagen-polo-12-mpi-comfortline-cars-Kolkata_72ec2f1d-68f4-4538-960d-db0567a65fc8.htm,2.50L,2014,"1,10,000 kms",Petrol,Manual,"Kalighat, Kolkata",,₹2.50 Lakh,"1,10,000 km",,Petrol,Manual,1st Owner
Toyota Fortuner 2.8 4WD AT BSIV,https://www.cardekho.com/used-car-details/used-Toyota-fortuner-28-4wd-at-bsiv-cars-Kolkata_7844cecd-3a1a-4233-9dc0-58be23482017.htm,22L,2017,"1,20,000 kms",Diesel,Automatic,"Jodhpur Park, Kolkata",,₹22 Lakh,"1,20,000 km","EMI from ₹68,154/mo",Diesel,Automatic,1st Owner
Honda WR-V i-VTEC VX,https://www.cardekho.com/used-car-details/used-Honda-wr-v-i-vtec-vx-cars-Kolkata_63a83d3b-82dd-4f93-827e-3c85cd55fe82.htm,4.30 Lakh,2017,"50,000 km",,,,,₹4.30 Lakh,"50,000 km","EMI from ₹13,321/mo",Petrol,Manual,1st Owner
Maruti Suzuki Eeco 5 Seater AC BSIV,https://www.cardekho.com/used-car-details/used-Maruti-eeco-5-seater-ac-bsiv-cars-Kolkata_cc059816-2f4b-447a-963f-306d0db9d39e.htm,2.54 Lakh,2014,"10,000 km",,,,,₹2.54 Lakh,"10,000 km",,Petrol,Manual,1st Owner
Maruti Suzuki Alto 800 LXI,https://www.cardekho.com/used-car-details/used-Maruti-alto-800-lxi-cars-Kolkata_474f95e2-375a-422a-9551-2ae6bfaf363b.htm,2.10 Lakh,2016,"35,925 km",,,,,₹2.10 Lakh,"35,925 km","EMI from ₹9,120/mo",Petrol,Manual,1st Owner
Maruti Suzuki Eeco 7 Seater STD (O),https://www.cardekho.com/used-car-details/used-Maruti-eeco-7-seater-std-o-cars-Kolkata_d57a6c0f-474d-406b-95cd-ae5484dd49d3.htm,4.50 Lakh,2022,"90,000 km",,,,,₹4.50 Lakh,"90,000 km","EMI from ₹11,170/mo",Petrol,Manual,1st Owner
Mercedes-Benz GL-Class 350 CDI Blue Efficiency,https://www.cardekho.com/used-car-details/used-Mercedes-benz-gl-class-350-cdi-blue-efficiency-cars-Kolkata_c8ac3194-07bb-4adb-ba2a-f564f25f2bee.htm,22 Lakh,2014,"1,03,000 km",,,,,₹22 Lakh,"1,03,000 km",,Diesel,Automatic,1st Owner
Hyundai Creta SX (O) iVT,https://www.cardekho.com/used-car-details/used-Hyundai-creta-sx-o-ivt-cars-Kolkata_6f3f7ef2-9446-44b0-87f0-57669eb3cd18.htm,11.01L,2021,"62,440 kms",Petrol,Automatic,"Airport Po, Kolkata","AI Expert
GREAT PRICE
1st owner, 62k km — records look solid on this Creta.
300-point inspection done. Warranty included.
Read full report",₹11.01 Lakh,"62,440 km","EMI from ₹27,321/mo",Petrol,Automatic,1st Owner
Hyundai i10 Sportz 1.1L,https://www.cardekho.com/used-car-details/used-Hyundai-i10-sportz-11l-cars-Kolkata_7195673d-6ee3-4d6a-b08f-53aad70c4a27.htm,2.43L,2015,"47,395 kms",Petrol,Manual,"E.K.T, Kolkata","AI Expert
GREAT PRICE
1st owner, 47k km, insurance flagged — key checks pass on this i10.
300-point inspection done. Warranty included.
Read full report",₹2.43 Lakh,"47,395 km","EMI from ₹19,654/mo",Petrol,Manual,1st Owner
Kia Seltos HTK Plus D,https://www.cardekho.com/buy-used-car-details/used-Kia-seltos-htk-plus-d-cars-Kolkata_79670b9d-e8e7-4c0f-8a4b-d6269f11561c.htm,6.88L,2020,"87,223 kms",Diesel,Manual,"University, Kolkata","AI Expert
GREAT PRICE
1st owner, 87k km — key checks pass on this Seltos.
Price dropped ₹22k — now at ₹6.9L.
Read full report",₹6.88 Lakh,"87,223 km","EMI from ₹17,077/mo",Diesel,Manual,1st Owner
Kia Seltos GTX Plus DCT,https://www.cardekho.com/used-car-details/used-Kia-seltos-gtx-plus-dct-cars-Kolkata_2a652501-03a5-4408-b931-e8ef974954e4.htm?adId=32676&adType=41,11L,2022,"40,000 kms",Petrol,Automatic,"Barabazar, Kolkata","AI Expert
GREAT PRICE
1st owner, no tampering, 40k km — records look solid on this Seltos.
Kia holds its value well — one of the stronger SUV resale picks.
Read full report",₹11 Lakh,"40,000 km","EMI from ₹27,303/mo",Petrol,Automatic,1st Owner
Hyundai i10 Sportz 1.1L,https://www.cardekho.com/used-car-details/used-Hyundai-i10-sportz-11l-cars-Kolkata_52b9c6a8-f05f-43f6-bf08-e6acd0fc0799.htm,2.25L,2014,"34,103 kms",Petrol,Manual,"Airport Po, Kolkata","AI Expert
GREAT PRICE
1st owner, 34k km — papers are clean on this i10.
Comprehensive insurance — valid till April 2027.
Read full report",₹2.25 Lakh,"34,103 km
Below avg",,Petrol,Manual,1st Owner
Maruti Suzuki Swift VXI,https://www.cardekho.com/used-car-details/used-Maruti-swift-vxi-cars-Kolkata_0d12e649-cdf3-4c0b-8d51-6f06000b7155.htm,3.19L,2015,"44,488 kms",Petrol,Manual,"E.K.T, Kolkata","AI Expert
GREAT PRICE
1st owner, 44k km — documents are clean on this Swift.
Comprehensive insurance — valid till May 2027.
Read full report",₹3.19 Lakh,"44,488 km
Below avg","EMI from ₹25,846/mo",Petrol,Manual,1st Owner
Tata Tiago XTA AMT,https://www.cardekho.com/used-car-details/used-Tata-tiago-xta-amt-cars-Kolkata_851313b3-2d1f-4370-9cc5-c00e54bc74da.htm,5L,2023,"18,000 kms",Petrol,Automatic,"Mahestala, Kolkata","AI Expert
GREAT PRICE
2nd owner, 18k km — key checks pass on this Tiago.
Only 18k km — lower than 90% of similar Tiagos on CarDekho.
Read full report",₹5 Lakh,"18,000 km
Below avg","EMI from ₹12,411/mo",Petrol,Automatic,2nd Owner
Maruti Suzuki Zen Estilo LXI,https://www.cardekho.com/used-car-details/used-Maruti-zen-estilo-lxi-cars-Kolkata_276458b4-404f-4a65-9935-9f7ae07f9d86.htm?adId=33059&adType=41,1.25L,2012,"50,000 kms",Petrol,Manual,"Garia Bt, Kolkata","AI Expert
BELOW MARKET
1st owner, 50k km — key checks pass on this Zen Estilo.
Maruti service is available in almost every city and town.
Read full report",₹1.25 Lakh,"50,000 km",,Petrol,Manual,1st Owner
Maruti Suzuki Brezza Zxi Plus AT DT BSVI,https://www.cardekho.com/used-car-details/used-Maruti-brezza-zxi-plus-at-dt-bsvi-cars-Kolkata_5946e413-f8ff-4409-879f-65c0574f0e45.htm,9.44L,2024,"47,475 kms",Petrol,Automatic,"University, Kolkata","AI Expert
GREAT PRICE
1st owner, 47k km — key checks pass on this Brezza.
Price dropped ₹64k — now at ₹9.4L.
Read full report",₹9.44 Lakh,"47,475 km","EMI from ₹23,441/mo",Petrol,Automatic,1st Owner
Skoda Slavia 1.0 TSI Ambition,https://www.cardekho.com/used-car-details/used-Skoda-slavia-10-tsi-ambition-cars-Kolkata_52315b29-9c63-4a41-a500-ccf94af7583e.htm,7.75L,2023,"36,976 kms",Petrol,Manual,"Kalighat, Kolkata","AI Expert
BELOW MARKET
1st owner, 37k km — key checks pass on this Slavia.
White paint can help resale value on this Slavia.
Read full report",₹7.75 Lakh,"36,976 km
Below avg","EMI from ₹19,236/mo",Petrol,Manual,1st Owner
Hyundai i20 Sportz Turbo iMT,https://www.cardekho.com/used-car-details/used-Hyundai-i20-sportz-turbo-imt-cars-Kolkata_bbf76ff7-600a-49bf-bf03-c7e73f6de933.htm,5.80L,2021,"57,000 kms",Petrol,Manual,"Bhawanipore, Kolkata","AI Expert
GREAT PRICE
1st owner, 57k km — key checks pass on this i20.
Simple to run, easy to park.
Read full report",₹5.80 Lakh,"57,000 km","EMI from ₹14,387/mo",Petrol,Manual,1st Owner
Maruti Suzuki Alto K10 VXI,https://www.cardekho.com/used-car-details/used-Maruti-alto-k10-vxi-cars-Kolkata_f4c61115-fbe5-403f-a713-ad46dc05dc99.htm?adId=33058&adType=41,2.51L,2017,"46,000 kms",Petrol,Manual,"Garia Bt, Kolkata","AI Expert
GREAT PRICE
1st owner, 46k km — documents are clear on this Alto K10.
Simple to run, easy to park.
Read full report",₹2.51 Lakh,"46,000 km","EMI from ₹7,776/mo",Petrol,Manual,1st Owner
Hyundai Creta SX,https://www.cardekho.com/buy-used-car-details/used-Hyundai-creta-sx-cars-Kolkata_526ff529-4dce-4324-b4be-21e52e56406a.htm,9.52L,2022,"46,495 kms",Petrol,Manual,"E.K.T, Kolkata","AI Expert
GREAT PRICE
1st owner, 46k km — records look solid on this Creta.
300-point inspection done. Warranty included.
Read full report",₹9.52 Lakh,"46,495 km","EMI from ₹23,619/mo",Petrol,Manual,1st Owner
Maruti Suzuki Alto K10 VXI,https://www.cardekho.com/used-car-details/used-Maruti-alto-k10-vxi-cars-Kolkata_708f09b0-1064-4f0a-bf7e-17da5ed541ee.htm,2.65L,2017,"37,976 kms",Petrol,Manual,"Airport Po, Kolkata","AI Expert
GREAT PRICE
1st owner, 38k km — key checks pass on this Alto K10.
300-point inspection done. Warranty included.
Read full report",₹2.65 Lakh,"37,976 km","EMI from ₹8,214/mo",Petrol,Manual,1st Owner
Hyundai Aura SX,https://www.cardekho.com/buy-used-car-details/used-Hyundai-aura-sx-cars-Kolkata_6df18eaf-b13b-4267-95fb-dc5f2e25fe23.htm,5.68L,2023,"32,558 kms",Petrol,Manual,"University, Kolkata","AI Expert
GREAT PRICE
1st owner, 33k km — papers are clean on this Aura.
Price dropped ₹1.4L — now at ₹5.7L.
Read full report",₹5.68 Lakh,"32,558 km
Below avg","EMI from ₹14,110/mo",Petrol,Manual,1st Owner
MG Hector Sharp DCT,https://www.cardekho.com/used-car-details/used-Mg-hector-sharp-dct-cars-Kolkata_ffc47d5d-a9c8-4d6d-a6a4-d30ba3e0f437.htm?adId=29723&adType=41,8.65L,2019,"65,000 kms",Petrol,Automatic,"Ballygunge, Kolkata","AI Expert
GREAT PRICE
1st owner, 65k km — ownership is clean on this Hector.
Read the full verdict before you decide.
Read full report",₹8.65 Lakh,"65,000 km","EMI from ₹21,470/mo",Petrol,Automatic,1st Owner
Tata Nexon 1.2 Revotron XZ Plus Dual Tone,https://www.cardekho.com/used-car-details/used-Tata-nexon-12-revotron-xz-plus-dual-tone-cars-Kolkata_2b17c40c-1c22-442e-a4a6-783214faad30.htm,4.95L,2018,"58,401 kms",Petrol,Manual,"University, Kolkata","AI Expert
GREAT PRICE
2nd owner, 58k km, no accident on this Nexon.
Price dropped ₹85k — now at ₹4.9L.
Read full report",₹4.95 Lakh,"58,401 km","EMI from ₹12,275/mo",Petrol,Manual,2nd Owner
Maruti Suzuki Ertiga VXI 2022-2023,https://www.cardekho.com/buy-used-car-details/used-Maruti-ertiga-vxi-2022-2023-cars-Kolkata_5cb90f61-7e58-4b79-a2cc-ff480803f520.htm,3.95L,2014,"85,759 kms",Petrol,Manual,"University, Kolkata","AI Expert
GREAT PRICE
1st owner, 86k km — key checks pass on this Ertiga.
Price dropped ₹43k — now at ₹4L.
Read full report",₹3.95 Lakh,"85,759 km",,Petrol,Manual,1st Owner
Tata Indica V2 LS,https://www.cardekho.com/used-car-details/used-Tata-indica-v2-ls-cars-Kolkata_d68e3513-9b9c-4ba0-9dca-323b3a4ed73e.htm,1L,2012,"68,532 kms",Diesel,Manual,"Kalikapur, Kolkata","AI Expert
GREAT PRICE
1st owner, 69k km — history looks clear on this Indica V2.
Simple to run, easy to park.
Read full report",₹1 Lakh,"68,532 km",,Diesel,Manual,1st Owner
Kia Seltos GTX Plus Turbo DCT,https://www.cardekho.com/used-car-details/used-Kia-seltos-gtx-plus-turbo-dct-cars-Kolkata_163a4374-fe6a-4f58-aa60-567137cafbe7.htm?adId=30887&adType=41,13.99L,2023,"28,000 kms",Petrol,Automatic,"Kasba, Kolkata","AI Expert
GREAT PRICE
1st owner, 28k km — history is clean on this Seltos.
Kia Seltos holds value well for resale.
Read full report",₹13.99 Lakh,"28,000 km
Below avg","EMI from ₹34,724/mo",Petrol,Automatic,1st Owner
Maruti Suzuki Wagon R VXI,https://www.cardekho.com/used-car-details/used-Maruti-wagon-r-vxi-cars-Kolkata_598499c5-e685-4d2b-ace8-4411fc4ea482.htm,3.09L,2018,"42,603 kms",Petrol,Manual,"E.K.T, Kolkata","AI Expert
GREAT PRICE
1st owner, 43k km — papers are clean on this Wagon R.
300-point inspection done. Warranty included.
Read full report",₹3.09 Lakh,"42,603 km","EMI from ₹7,673/mo",Petrol,Manual,1st Owner
Renault Triber RXT,https://www.cardekho.com/used-car-details/used-Renault-triber-rxt-cars-Kolkata_2bb20fb9-896c-427f-bf26-724b0059d0ab.htm,3.98L,2020,"76,087 kms",Petrol,Manual,"Airport Po, Kolkata","AI Expert
GREAT PRICE
1st owner, 76k km — history looks solid on this Triber.
Comprehensive insurance — valid till March 2027.
Read full report",₹3.98 Lakh,"76,087 km","EMI from ₹9,879/mo",Petrol,Manual,1st Owner
Maruti Suzuki Ciaz 1.4 AT Zeta,https://www.cardekho.com/buy-used-car-details/used-Maruti-ciaz-14-at-zeta-cars-Kolkata_6f542eee-a7d6-4038-bbaa-1280760516c6.htm,3.77L,2018,"94,510 kms",Petrol,Automatic,"University, Kolkata","AI Expert
GREAT PRICE
1st owner, 95k km on this Ciaz — ownership is clean.
Price dropped ₹71k — now at ₹3.8L.
Read full report",₹3.77 Lakh,"94,510 km","EMI from ₹9,366/mo",Petrol,Automatic,1st Owner
Maruti Suzuki S-Presso VXI Plus 2019-2022,https://www.cardekho.com/used-car-details/used-Maruti-s-presso-vxi-plus-2019-2022-cars-Kolkata_5060ccf9-61f3-458a-9843-7abca62c5a89.htm?adId=33175&adType=41,3.25L,2020,"32,000 kms",Petrol,Manual,"Garia Bt, Kolkata","AI Expert
GREAT PRICE
1st owner, 32k km — history is traceable on this S-Presso.
Maruti service is available in almost every .
Read full report",₹3.25 Lakh,"32,000 km","EMI from ₹8,067/mo",Petrol,Manual,1st Owner
Hyundai i20 N-Line N8 iMT Dual tone BSVI,https://www.cardekho.com/used-car-details/used-Hyundai-i20-n-line-n8-imt-dual-tone-bsvi-cars-Kolkata_5fd2e8b4-1d25-4248-b404-fb0e0ec21d16.htm,6.75L,2022,"50,000 kms",Petrol,Manual,"Ballygunge, Kolkata","AI Expert
GREAT PRICE
1st owner, 50k km — history looks solid on this i20 N-Line.
Hyundai has a wide service network across India.
Read full report",₹6.75 Lakh,"50,000 km","EMI from ₹16,754/mo",Petrol,Manual,1st Owner
Skoda Octavia Laurin and Klement,https://www.cardekho.com/used-car-details/used-Skoda-octavia-laurin-and-klement-cars-Kolkata_7782fee9-2c74-48fa-ae98-50e9cd6e731e.htm,17.31L,2021,"62,898 kms",Petrol,Automatic,"Airport Po, Kolkata","AI Expert
GREAT PRICE
1st owner, 63k km — papers look clean on this Octavia.
300-point inspection done. Warranty included.
Read full report",₹17.31 Lakh,"62,898 km","EMI from ₹42,971/mo",Petrol,Automatic,1st Owner
Maruti Suzuki Celerio H2,https://www.cardekho.com/used-car-details/used-Maruti-celerio-h2-cars-Kolkata_e76266ba-0190-4cf3-9e88-7cebf30cfae3.htm,2.50L,2020,"1,00,000 kms",Petrol,Manual,Kolkata,"AI Expert
GREAT PRICE
2nd owner, 100k km on this Celerio — records look solid.
Simple to run, easy to park.
Read full report",₹2.50 Lakh,"1,00,000 km","EMI from ₹6,206/mo",Petrol,Manual,2nd Owner
Mahindra XUV700 AX5 7 Str BSVI,https://www.cardekho.com/used-car-details/used-Mahindra-xuv700-ax5-7-str-bsvi-cars-Kolkata_43744a0b-5775-4ceb-9174-9d68044130b0.htm?adId=32586&adType=41,11.90L,2022,"32,355 kms",Petrol,Manual,"Salt Lake City, Kolkata","AI Expert
BELOW MARKET
1st owner, 32k km — documents are clean on this XUV700.
₹1.2L below what similar XUV700s sell for.
Read full report",₹11.90 Lakh,"32,355 km
Below avg","EMI from ₹29,536/mo",Petrol,Manual,1st Owner
Hyundai i20 Sportz Petrol,https://www.cardekho.com/used-car-details/used-Hyundai-i20-sportz-petrol-cars-Kolkata_393a8fee-83e9-492a-b78f-681b022bca6a.htm,1.81L,2012,"58,478 kms",Petrol,Manual,"Airport Po, Kolkata","AI Expert
BELOW MARKET
1st owner, 58k km — insurance and fitness need a look.
300-point inspection done. Warranty included.
Read full report",₹1.81 Lakh,"58,478 km",,Petrol,Manual,1st Owner
Tata Nexon XZA Plus LUX Dark Edition AMT,https://www.cardekho.com/buy-used-car-details/used-Tata-nexon-xza-plus-lux-dark-edition-amt-cars-Kolkata_a524445b-9146-46d0-bc95-d651eed872bd.htm,8.19L,2023,"23,369 kms",Petrol,Automatic,"University, Kolkata","AI Expert
GREAT PRICE
1st owner, 23k km — key checks pass on this Nexon.
Price dropped ₹2.9L — now at ₹8.2L.
Read full report",₹8.19 Lakh,"23,369 km
Below avg","EMI from ₹20,319/mo",Petrol,Automatic,1st Owner
Skoda Kushaq 1.0L Signature,https://www.cardekho.com/used-car-details/used-Skoda-kushaq-10l-signature-cars-Kolkata_1f049b8d-91a1-4064-aa8a-8b11d4a888b7.htm,11.34L,2025,"2,556 kms",Petrol,Manual,"University, Kolkata","AI Expert
GREAT PRICE
1st owner, 3k km, no accident — records look solid on this Kushaq.
1 year old, only 3k km — near-new in every sense.
Read full report",₹11.34 Lakh,"2,556 km
Below avg","EMI from ₹28,152/mo",Petrol,Manual,1st Owner
Maruti Suzuki Celerio X ZXI,https://www.cardekho.com/used-car-details/used-Maruti-celerio-x-zxi-cars-Kolkata_9723019c-79f4-4d29-b49b-f93bc238a034.htm?adId=32162&adType=41,4.05L,2021,"50,000 kms",Petrol,Manual,"Baranagar, Kolkata","AI Expert
GREAT PRICE
1st owner, 50k km — key checks pass on this Celerio X.
Maruti service is available in almost every city and town.
Read full report",₹4.05 Lakh,"50,000 km","EMI from ₹10,053/mo",Petrol,Manual,1st Owner
Hyundai i10 Sportz 1.1L,https://www.cardekho.com/used-car-details/used-Hyundai-i10-sportz-11l-cars-Kolkata_2b473249-5914-419a-818d-34b75f73820e.htm,2.90L,2017,"24,000 kms",Petrol,Manual,"Jadavpur University, Kolkata","AI Expert
BELOW MARKET
1st owner, 24k km — records look solid on this i10.
Simple to run, easy to park.
Read full report",₹2.90 Lakh,"24,000 km
Below avg","EMI from ₹8,984/mo",Petrol,Manual,1st Owner
Hyundai Grand i10 Sportz,https://www.cardekho.com/used-car-details/used-Hyundai-grand-i10-sportz-cars-Kolkata_77a53483-f90e-475c-84a6-378e1d53f66d.htm,3.45L,2017,"18,690 kms",Petrol,Manual,"Kalighat, Kolkata","AI Expert
GREAT PRICE
1st owner, 19k km — records look solid on this Grand i10.
Only 19k km — lower than 90% of similar Grand i10s on CarDekho.
Read full report",₹3.45 Lakh,"18,690 km
Below avg","EMI from ₹10,688/mo",Petrol,Manual,1st Owner
Skoda Rapid 1.6 MPI AT Elegance,https://www.cardekho.com/used-car-details/used-Skoda-rapid-16-mpi-at-elegance-cars-Kolkata_74744c94-b350-431d-bbe7-e7e995a0b5f5.htm,4.55L,2016,"48,269 kms",Petrol,Automatic,"Salt Lake City, Kolkata","AI Expert
ABOVE MARKET
1st owner, 48k km — papers are clean on this Rapid.
Simple to run, easy to park.
Read full report",₹4.55 Lakh,"48,269 km","EMI from ₹19,759/mo",Petrol,Automatic,1st Owner
Mahindra Scorpio S10 8 Seater,https://www.cardekho.com/used-car-details/used-Mahindra-scorpio-s10-8-seater-cars-Kolkata_75a3ac82-58d1-4b69-af6f-628b058c7a54.htm?adId=32927&adType=41,8.25L,2016,"38,000 kms",Diesel,Manual,"Bhowanipore, Kolkata","AI Expert
BELOW MARKET
1st owner, 38k km on this Scorpio — papers look clean.
Mahindra SUVs are built for Indian roads — rugged and reliable.
Read full report",,,,,,
Hyundai i10 Sportz,https://www.cardekho.com/used-car-details/used-Hyundai-i10-sportz-cars-Kolkata_b45feae1-95ac-4da8-a1ed-bcaf17f255c0.htm,1.65L,2010,"50,000 kms",Petrol,Manual,Kolkata,"AI Expert
GREAT PRICE
2nd owner, 50k km on this i10 — ownership details are clear.
Hyundai has a wide service network across India.
Read full report",₹1.65 Lakh,"50,000 km",,Petrol,Manual,2nd Owner
Mahindra Thar LX 4WD Hard Top BSVI,https://www.cardekho.com/used-car-details/used-Mahindra-thar-lx-4wd-hard-top-bsvi-cars-Kolkata_b7837f7a-7dd0-4006-9ace-8d10366ca35b.htm,8.95L,2021,"8,520 kms",Petrol,Manual,"University, Kolkata","AI Expert
GREAT PRICE
1st owner, 9k km, no accident — key checks pass on this Thar.
Price dropped ₹17k — now at ₹8.9L.
Read full report",₹8.95 Lakh,"8,520 km
Below avg","EMI from ₹22,213/mo",Petrol,Manual,1st Owner
Maruti Suzuki Wagon R VXI 1.2,https://www.cardekho.com/used-car-details/used-Maruti-wagon-r-vxi-12-cars-Kolkata_d8c70599-5ad0-4225-b38a-e7f514e40768.htm,2.53L,2016,"72,165 kms",Petrol,Manual,"Airport Po, Kolkata","AI Expert
BELOW MARKET
2nd owner, 72k km — key checks pass on this Wagon R.
Comprehensive insurance — valid till May 2027.
Read full report",₹2.53 Lakh,"72,165 km","EMI from ₹10,987/mo",Petrol,Manual,2nd Owner
Mercedes-Benz A Class A180 CDI,https://www.cardekho.com/used-car-details/used-Mercedes-benz-a-class-a180-cdi-cars-Kolkata_02090b5d-84bd-4b43-be8b-5f670d1af189.htm?adId=29891&adType=41,10L,2014,"40,000 kms",Diesel,Automatic,"Gobinda Khatick Road, Kolkata","AI Expert
GREAT PRICE
2nd owner, 40k km — papers are clean on this A Class.
Simple to run, easy to park.
Read full report",₹10 Lakh,"40,000 km",,Diesel,Automatic,2nd Owner
Honda Brio 1.2 S Option MT,https://www.cardekho.com/used-car-details/used-Honda-brio-12-s-option-mt-cars-Kolkata_6c679104-bfbe-4ee5-841c-0734f6cc5d57.htm,3.45L,2018,"24,000 kms",Petrol,Manual,"Jadavpur University, Kolkata","AI Expert
GREAT PRICE
1st owner, 24k km — history looks solid on this Brio.
Price dropped ₹5k — now at ₹3.5L.
Read full report",₹3.45 Lakh,"24,000 km
Below avg","EMI from ₹8,563/mo",Petrol,Manual,1st Owner
Kia Seltos HTX G,https://www.cardekho.com/used-car-details/used-Kia-seltos-htx-g-cars-Kolkata_49ee3351-1116-4658-9aee-5a8fecea3d73.htm,7L,2020,"45,915 kms",Petrol,Manual,"University, Kolkata","AI Expert
BELOW MARKET
1st owner, 46k km, no accident — records look solid on this Seltos.
300-point inspection done. Warranty included.
Read full report",₹7 Lakh,"45,915 km","EMI from ₹17,383/mo",Petrol,Manual,1st Owner
Maruti Suzuki Ritz VDi,https://www.cardekho.com/buy-used-car-details/used-Maruti-ritz-vdi-cars-Kolkata_ba8dc4a4-6150-4839-8f3d-7edd0d16ce7a.htm,2.52L,2013,"65,378 kms",Diesel,Manual,"E.K.T, Kolkata","AI Expert
GREAT PRICE
1st owner, 65k km, insurance flagged — papers are clean on this Ritz.
300-point inspection done. Warranty included.
Read full report",₹2.52 Lakh,"65,378 km",,Diesel,Manual,1st Owner
Volkswagen Polo 1.2 MPI Comfortline,https://www.cardekho.com/used-car-details/used-Volkswagen-polo-12-mpi-comfortline-cars-Kolkata_72ec2f1d-68f4-4538-960d-db0567a65fc8.htm?adId=30705&adType=41,2.50L,2014,"1,10,000 kms",Petrol,Manual,"Kalighat, Kolkata","AI Expert
GREAT PRICE
1st owner, no accident, 110k km — history is traceable on this Polo.
Simple to run, easy to park.
Read full report",₹2.50 Lakh,"1,10,000 km",,Petrol,Manual,1st Owner
Hyundai Alcazar Prestige Turbo 7 Seater,https://www.cardekho.com/used-car-details/used-Hyundai-alcazar-prestige-turbo-7-seater-cars-Kolkata_94d17b69-fb3f-4ec3-821a-e12c32ec6969.htm,13.45L,2024,"15,000 kms",Petrol,Manual,"Kasba, Kolkata","AI Expert
BELOW MARKET
1st owner, 15k km — ownership is clean on this Alcazar.
2 year old, only 15k km — near-new in every sense.
Read full report",₹13.45 Lakh,"15,000 km
Below avg","EMI from ₹33,384/mo",Petrol,Manual,1st Owner
Maruti Suzuki Zen Estilo VXI BSIV,https://www.cardekho.com/used-car-details/used-Maruti-zen-estilo-vxi-bsiv-cars-Kolkata_159faacd-af54-4e4c-b698-9ad8e9f119c1.htm,1.56L,2012,"78,872 kms",Petrol,Manual,"Airport Po, Kolkata","AI Expert
GREAT PRICE
2nd owner, 79k km — papers are clean on this Zen Estilo.
300-point inspection done. Warranty included.
Read full report",₹1.56 Lakh,"78,872 km",,Petrol,Manual,2nd Owner
Tata Nexon Creative AMT,https://www.cardekho.com/used-car-details/used-Tata-nexon-creative-amt-cars-Kolkata_d6a1f684-1966-4d94-9579-b9d45d8f1ad9.htm,8.61L,2024,"21,687 kms",Petrol,Automatic,"University, Kolkata","AI Expert
GREAT PRICE
1st owner, 22k km — documents are clean on this Nexon.
Only 2 years old — near-new condition at used-car pricing.
Read full report",₹8.61 Lakh,"21,687 km
Below avg","EMI from ₹21,364/mo",Petrol,Automatic,1st Owner
Toyota Fortuner 2.8 4WD AT BSIV,https://www.cardekho.com/used-car-details/used-Toyota-fortuner-28-4wd-at-bsiv-cars-Kolkata_7844cecd-3a1a-4233-9dc0-58be23482017.htm?adId=30843&adType=41,22L,2017,"1,20,000 kms",Diesel,Automatic,"Jodhpur Park, Kolkata","AI Expert
GREAT PRICE
1st owner, 120k km — ownership is clean on this Fortuner.
Simple to run, easy to park.
Read full report",₹22 Lakh,"1,20,000 km","EMI from ₹68,154/mo",Diesel,Automatic,1st Owner
Maruti Suzuki Alto K10 VXI,https://www.cardekho.com/used-car-details/used-Maruti-alto-k10-vxi-cars-Kolkata_c1a4e7fa-db3e-45fc-af20-256b6402994e.htm,1.85L,2014,"34,000 kms",Petrol,Manual,"Baranagar, Kolkata","AI Expert
GREAT PRICE
2nd owner, 34k km — papers are clean on this Alto K10.
Comprehensive insurance — valid till February 2027.
Read full report",₹1.85 Lakh,"34,000 km
Below avg",,Petrol,Manual,2nd Owner
Maruti Suzuki Grand Vitara Alpha Plus Hybrid CVT,https://www.cardekho.com/buy-used-car-details/used-Maruti-grand-vitara-alpha-plus-hybrid-cvt-cars-Kolkata_c6f1c9da-f624-47ba-b1c2-75ad3410b706.htm,15.40L,2024,"11,105 kms",Petrol,Automatic,"Airport Po, Kolkata","AI Expert
GREAT PRICE
1st owner, 11k km — documents are clean on this Grand Vitara.
2 year old, only 11k km — near-new in every sense.
Read full report",₹15.40 Lakh,"11,105 km
Below avg","EMI from ₹38,214/mo",Petrol,Automatic,1st Owner
Volkswagen Virtus GT Plus DSG,https://www.cardekho.com/used-car-details/used-Volkswagen-virtus-gt-plus-dsg-cars-Kolkata_0472cef0-e031-451e-b074-c761e7bb5768.htm,14.95L,2024,"25,000 kms",Petrol,Automatic,"Kasba, Kolkata","AI Expert
GREAT PRICE
1st owner, 25k km — history is traceable on this Virtus.
Only 2 years old — near-new at used-car pricing.
Read full report",₹14.95 Lakh,"25,000 km
Below avg","EMI from ₹37,107/mo",Petrol,Automatic,1st Owner
Tata Tiago XT,https://www.cardekho.com/used-car-details/used-Tata-tiago-xt-cars-Kolkata_9510fa9d-3dd6-4f1b-ace1-f87354f1876c.htm?adId=32521&adType=41,5.55L,2023,"45,000 kms",Petrol,Manual,"Kasba, Kolkata","AI Expert
GREAT PRICE
1st owner, 45k km — records look solid on this Tiago.
Simple to run, easy to park.
Read full report",₹5.55 Lakh,"45,000 km","EMI from ₹13,776/mo",Petrol,Manual,1st Owner
Maruti Suzuki Wagon R VXI 1.2,https://www.cardekho.com/used-car-details/used-Maruti-wagon-r-vxi-12-cars-Kolkata_e64633b0-f5c2-495f-9e96-df3a62f47687.htm,3.54L,2018,"36,127 kms",Petrol,Manual,"E.K.T, Kolkata","AI Expert
GREAT PRICE
1st owner, 36k km — history looks clean on this Wagon R.
300-point inspection done. Warranty included.
Read full report",₹3.54 Lakh,"36,127 km
Below avg","EMI from ₹8,790/mo",Petrol,Manual,1st Owner
Mahindra Thar LX 4WD Hard Top AT BSVI,https://www.cardekho.com/buy-used-car-details/used-Mahindra-thar-lx-4wd-hard-top-at-bsvi-cars-Kolkata_e03989fb-d7ed-4bd9-8ac9-bea2135e9652.htm,10.30L,2023,"8,873 kms",Petrol,Automatic,"University, Kolkata","AI Expert
BELOW MARKET
2nd owner, 9k km — papers are clean on this Thar.
Only 9k km — lower than 96% of similar Thars on CarDekho.
Read full report",₹10.30 Lakh,"8,873 km
Below avg","EMI from ₹25,565/mo",Petrol,Automatic,2nd Owner
Hyundai Creta SX IVT,https://www.cardekho.com/used-car-details/used-Hyundai-creta-sx-ivt-cars-Kolkata_79c4f041-9c90-4725-bc33-54b83392fd29.htm,11.70L,2023,"38,000 kms",Petrol,Automatic,"Ballygunge, Kolkata","AI Expert
GREAT PRICE
1st owner, 38k km — history is traceable on this Creta.
Hyundai has a wide service network across India.
Read full report",₹11.70 Lakh,"38,000 km","EMI from ₹29,040/mo",Petrol,Automatic,1st Owner
Mahindra XUV500 AT W10 FWD,https://www.cardekho.com/used-car-details/used-Mahindra-xuv500-at-w10-fwd-cars-Kolkata_ebea6311-80c6-467e-8585-7832775ad19d.htm?adId=32089&adType=41,6.90L,2016,"74,000 kms",Diesel,Automatic,"Baranagar, Kolkata","AI Expert
GREAT PRICE
2nd owner, 74k km, fitness verified — records look solid on this XUV500.
Mahindra SUVs are built for Indian roads — rugged and reliable.
Read full report",₹6.90 Lakh,"74,000 km","EMI from ₹29,963/mo",Diesel,Automatic,2nd Owner
Hyundai i20 1.2 Asta,https://www.cardekho.com/used-car-details/used-Hyundai-i20-12-asta-cars-Kolkata_bcb3884d-859e-4c65-b074-b0347d6bd704.htm,4.42L,2018,"57,345 kms",Petrol,Manual,"Airport Po, Kolkata","AI Expert
GREAT PRICE
1st owner, 57k km — history looks solid on this i20.
300-point inspection done. Warranty included.
Read full report",₹4.42 Lakh,"57,345 km","EMI from ₹10,971/mo",Petrol,Manual,1st Owner
Maruti Suzuki Ertiga VDI,https://www.cardekho.com/used-car-details/used-Maruti-ertiga-vdi-cars-Kolkata_fb69cfdd-3785-4762-b934-7836eb45d7f2.htm,4.20L,2014,"79,000 kms",Diesel,Manual,"Kalighat, Kolkata","AI Expert
GREAT PRICE
2nd owner, 79k km — key checks pass on this Ertiga.
Simple to run, easy to park.
Read full report",₹4.20 Lakh,"79,000 km",,Diesel,Manual,2nd Owner
Maruti Suzuki Baleno Zeta Diesel,https://www.cardekho.com/used-car-details/used-Maruti-baleno-zeta-diesel-cars-Kolkata_022ee89f-78ba-4cf6-9daf-65eb3dd183d8.htm,3.65L,2016,"73,250 kms",Diesel,Manual,"Airport Po, Kolkata","AI Expert
BELOW MARKET
1st owner, 73k km — papers are clean on this Baleno.
300-point inspection done. Warranty included.
Read full report",₹3.65 Lakh,"73,250 km","EMI from ₹15,850/mo",Diesel,Manual,1st Owner
Hyundai Verna SX IVT,https://www.cardekho.com/used-car-details/used-Hyundai-verna-sx-ivt-cars-Kolkata_d6580d62-d1d5-455f-8290-ddacd8f7e028.htm?adId=25758&adType=41,12.95L,2024,"5,700 kms",Petrol,Automatic,"Kasba, Kolkata","AI Expert
GREAT PRICE
1st owner, 6k km — documents are clean on this Verna.
Price dropped ₹50k — now at ₹12.9L.
Read full report",₹12.95 Lakh,"5,700 km
Below avg","EMI from ₹32,143/mo",Petrol,Automatic,1st Owner
Volkswagen Polo 1.2 MPI Comfortline,https://www.cardekho.com/used-car-details/used-Volkswagen-polo-12-mpi-comfortline-cars-Kolkata_72ec2f1d-68f4-4538-960d-db0567a65fc8.htm,2.50L,2014,"1,10,000 kms",Petrol,Manual,"Kalighat, Kolkata",,₹2.50 Lakh,"1,10,000 km",,Petrol,Manual,1st Owner
Mercedes-Benz A Class A180 CDI,https://www.cardekho.com/used-car-details/used-Mercedes-benz-a-class-a180-cdi-cars-Kolkata_02090b5d-84bd-4b43-be8b-5f670d1af189.htm,10L,2014,"40,000 kms",Diesel,Automatic,"Gobinda Khatick Road, Kolkata",,₹10 Lakh,"40,000 km",,Diesel,Automatic,2nd Owner
Toyota Fortuner 2.8 4WD AT BSIV,https://www.cardekho.com/used-car-details/used-Toyota-fortuner-28-4wd-at-bsiv-cars-Kolkata_7844cecd-3a1a-4233-9dc0-58be23482017.htm,22L,2017,"1,20,000 kms",Diesel,Automatic,"Jodhpur Park, Kolkata",,₹22 Lakh,"1,20,000 km","EMI from ₹68,154/mo",Diesel,Automatic,1st Owner
Maruti Suzuki Eeco 7 Seater STD (O),https://www.cardekho.com/used-car-details/used-Maruti-eeco-7-seater-std-o-cars-Kolkata_d57a6c0f-474d-406b-95cd-ae5484dd49d3.htm,4.50 Lakh,2022,"90,000 km",,,,,₹4.50 Lakh,"90,000 km","EMI from ₹11,170/mo",Petrol,Manual,1st Owner
Mercedes-Benz GL-Class 350 CDI Blue Efficiency,https://www.cardekho.com/used-car-details/used-Mercedes-benz-gl-class-350-cdi-blue-efficiency-cars-Kolkata_c8ac3194-07bb-4adb-ba2a-f564f25f2bee.htm,22 Lakh,2014,"1,03,000 km",,,,,₹22 Lakh,"1,03,000 km",,Diesel,Automatic,1st Owner
Maruti Suzuki Alto 800 LXI,https://www.cardekho.com/used-car-details/used-Maruti-alto-800-lxi-cars-Kolkata_474f95e2-375a-422a-9551-2ae6bfaf363b.htm,2.10 Lakh,2016,"35,925 km",,,,,₹2.10 Lakh,"35,925 km","EMI from ₹9,120/mo",Petrol,Manual,1st Owner
Maruti Suzuki Eeco 5 Seater AC BSIV,https://www.cardekho.com/used-car-details/used-Maruti-eeco-5-seater-ac-bsiv-cars-Kolkata_cc059816-2f4b-447a-963f-306d0db9d39e.htm,2.54 Lakh,2014,"10,000 km",,,,,₹2.54 Lakh,"10,000 km",,Petrol,Manual,1st Owner
Maruti Suzuki Wagon R AMT VXI,https://www.cardekho.com/used-car-details/used-Maruti-wagon-r-amt-vxi-cars-Kolkata_8e2415af-1b0f-4276-8fd1-930e3ce98fdd.htm,2.85 Lakh,2019,"40,000 km",,,,,₹2.85 Lakh,"40,000 km","EMI from ₹7,074/mo",Petrol,Automatic,3rd Owner
Hyundai Creta EX,https://www.cardekho.com/buy-used-car-details/used-Hyundai-creta-ex-cars-Kolkata_a8b18326-9a5e-4949-8848-7c45c1d49b84.htm,7.55L,2022,"25,804 kms",Petrol,Manual,"Airport Po, Kolkata","AI Expert
GREAT PRICE
2nd owner, no accident — 26k km is normal for this 4-year Creta.
300-point inspection done. Warranty included.
Read full report",₹7.55 Lakh,"25,804 km
Below avg","EMI from ₹18,729/mo",Petrol,Manual,2nd Owner
Maruti Suzuki Wagon R ZXI Plus,https://www.cardekho.com/used-car-details/used-Maruti-wagon-r-zxi-plus-cars-Kolkata_03807f99-e6e7-470d-ade3-75eeb03e2eb8.htm,5.62L,2024,"11,262 kms",Petrol,Manual,"E.K.T, Kolkata","AI Expert
GREAT PRICE
1st owner, 11k km — history looks solid on this Wagon R.
2 year old, only 11k km — near-new in every sense.
Read full report",₹5.62 Lakh,"11,262 km
Below avg","EMI from ₹13,939/mo",Petrol,Manual,1st Owner
Kia Seltos HTK Plus D,https://www.cardekho.com/buy-used-car-details/used-Kia-seltos-htk-plus-d-cars-Kolkata_79670b9d-e8e7-4c0f-8a4b-d6269f11561c.htm,6.88L,2020,"87,223 kms",Diesel,Manual,"University, Kolkata","AI Expert
GREAT PRICE
1st owner, 87k km — key checks pass on this Seltos.
Price dropped ₹22k — now at ₹6.9L.
Read full report",₹6.88 Lakh,"87,223 km","EMI from ₹17,077/mo",Diesel,Manual,1st Owner
Volkswagen Polo Diesel Comfortline 1.2L,https://www.cardekho.com/used-car-details/used-Volkswagen-polo-diesel-comfortline-12l-cars-Kolkata_65a2603e-504a-4e17-8aa0-e8ed257d0a7d.htm?adId=31243&adType=41,1.80L,2013,"58,000 kms",Diesel,Manual,"Alipore, Kolkata","AI Expert
GREAT PRICE
2nd owner, 58k km on this Polo — records look solid.
Simple to run, easy to park.
Read full report",₹1.80 Lakh,"58,000 km",,Diesel,Manual,2nd Owner
Maruti Suzuki S-Presso VXi Plus (O),https://www.cardekho.com/used-car-details/used-Maruti-s-presso-vxi-plus-o-cars-Kolkata_1dc00821-f561-43f4-94d2-d6f7bb3d000f.htm,3.79L,2023,"15,925 kms",Petrol,Manual,"University, Kolkata","AI Expert
BELOW MARKET
1st owner, 16k km — history is traceable on this S-Presso.
Price dropped ₹14k — now at ₹3.8L.
Read full report",₹3.79 Lakh,"15,925 km
Below avg","EMI from ₹9,415/mo",Petrol,Manual,1st Owner
Volkswagen Ameo 1.2 MPI Trendline,https://www.cardekho.com/used-car-details/used-Volkswagen-ameo-12-mpi-trendline-cars-Kolkata_29577732-5d32-4102-b756-7650df6da6b5.htm,2.74L,2017,"1,11,912 kms",Petrol,Manual,"University, Kolkata","AI Expert
GREAT PRICE
1st owner, 112k km — records look solid on this Ameo.
Price dropped ₹12k — now at ₹2.7L.
Read full report",₹2.74 Lakh,"1,11,912 km","EMI from ₹8,477/mo",Petrol,Manual,1st Owner
Maruti Suzuki Baleno Zeta,https://www.cardekho.com/used-car-details/used-Maruti-baleno-zeta-cars-Kolkata_07eb67ad-f6f9-4026-bfca-fdac9d9b490a.htm,7.47L,2025,"5,096 kms",Petrol,Manual,"University, Kolkata","AI Expert
GREAT PRICE
1st owner, 5k km — history is traceable on this Baleno.
1 year old, only 5k km — near-new in every sense.
Read full report",₹7.47 Lakh,"5,096 km
Below avg","EMI from ₹18,545/mo",Petrol,Manual,1st Owner
Tata Punch Adventure Rhythm BSVI,https://www.cardekho.com/used-car-details/used-Tata-punch-adventure-rhythm-bsvi-cars-Kolkata_390b6d72-6134-4ce7-bb07-311dbc24516f.htm?adId=32630&adType=41,6.56L,2023,"7,000 kms",Petrol,Manual,Kolkata,"AI Expert
GREAT PRICE
1st owner, 7k km — history looks solid on this Punch.
Only 7k km — lower than 98% of similar Punchs on CarDekho.
Read full report",₹6.56 Lakh,"7,000 km
Below avg","EMI from ₹16,283/mo",Petrol,Manual,1st Owner
Hyundai Santro Sportz BSIV,https://www.cardekho.com/buy-used-car-details/used-Hyundai-santro-sportz-bsiv-cars-Kolkata_8eb08704-acab-4c72-827a-fb57fc925153.htm,2.71L,2019,"79,260 kms",Petrol,Manual,"University, Kolkata","AI Expert
BELOW MARKET
1st owner, 79k km — documents are clean on this Santro.
300-point inspection done. Warranty included.
Read full report",₹2.71 Lakh,"79,260 km","EMI from ₹6,726/mo",Petrol,Manual,1st Owner
Maruti Suzuki Grand Vitara Alpha,https://www.cardekho.com/used-car-details/used-Maruti-grand-vitara-alpha-cars-Kolkata_50284b9e-462b-4592-8769-76b5e1e4871c.htm,12.72L,2025,"21,377 kms",Petrol,Manual,"University, Kolkata","AI Expert
GREAT PRICE
1st owner, 21k km — papers are clean on this Grand Vitara.
Only 1 years old — near-new at used-car pricing.
Read full report",₹12.72 Lakh,"21,377 km
Below avg","EMI from ₹31,584/mo",Petrol,Manual,1st Owner
Tata Tiago XTA AMT,https://www.cardekho.com/used-car-details/used-Tata-tiago-xta-amt-cars-Kolkata_851313b3-2d1f-4370-9cc5-c00e54bc74da.htm,5L,2023,"18,000 kms",Petrol,Automatic,"Mahestala, Kolkata","AI Expert
GREAT PRICE
2nd owner, 18k km — key checks pass on this Tiago.
Only 18k km — lower than 90% of similar Tiagos on CarDekho.
Read full report",₹5 Lakh,"18,000 km
Below avg","EMI from ₹12,411/mo",Petrol,Automatic,2nd Owner
MG Hector Sharp DCT,https://www.cardekho.com/used-car-details/used-Mg-hector-sharp-dct-cars-Kolkata_ffc47d5d-a9c8-4d6d-a6a4-d30ba3e0f437.htm?adId=29723&adType=41,8.65L,2019,"65,000 kms",Petrol,Automatic,"Ballygunge, Kolkata","AI Expert
GREAT PRICE
1st owner, 65k km — ownership is clean on this Hector.
Read the full verdict before you decide.
Read full report",₹8.65 Lakh,"65,000 km","EMI from ₹21,470/mo",Petrol,Automatic,1st Owner
Honda Amaze S Option i-VTEC,https://www.cardekho.com/used-car-details/used-Honda-amaze-s-option-i-vtec-cars-Kolkata_0ae347dc-6a42-46f3-9ffa-62978fb1e031.htm,2.89L,2017,"28,125 kms",Petrol,Manual,"University, Kolkata","AI Expert
GREAT PRICE
2nd owner, 28k km — key checks pass on this Amaze.
Price dropped ₹31k — now at ₹2.9L.
Read full report",₹2.89 Lakh,"28,125 km
Below avg","EMI from ₹8,942/mo",Petrol,Manual,2nd Owner
Hyundai Grand i10 1.2 Kappa Sportz BSIV,https://www.cardekho.com/used-car-details/used-Hyundai-grand-i10-12-kappa-sportz-bsiv-cars-Kolkata_fe11b97b-5b3e-4427-9089-6f4bc9d9ea04.htm,2.95L,2015,"49,187 kms",Petrol,Manual,"E.K.T, Kolkata","AI Expert
GREAT PRICE
1st owner, no accident, 49k km — key checks pass.
Comprehensive insurance — valid till June 2027.
Read full report",₹2.95 Lakh,"49,187 km","EMI from ₹23,901/mo",Petrol,Manual,1st Owner
Hyundai Grand i10 Nios Magna,https://www.cardekho.com/used-car-details/used-Hyundai-grand-i10-nios-magna-cars-Kolkata_f5b29efd-dd90-4101-99d7-4248cfe1156e.htm,4.15L,2021,"51,000 kms",Petrol,Manual,"Kalighat, Kolkata","AI Expert
GREAT PRICE
1st owner, 51k km — papers are clean on this Grand i10 Nios.
Hyundai has a wide service network across India.
Read full report",₹4.15 Lakh,"51,000 km","EMI from ₹10,301/mo",Petrol,Manual,1st Owner
Hyundai Aura S AMT,https://www.cardekho.com/used-car-details/used-Hyundai-aura-s-amt-cars-Kolkata_c13f913e-eb5d-4c14-8408-e1c02c2178cf.htm?adId=33050&adType=41,6.55L,2022,"13,533 kms",Petrol,Automatic,"Salt Lake City, Kolkata","AI Expert
GREAT PRICE
1st owner, 14k km — history looks clean on this Aura.
Only 14k km — lower than 98% of similar Auras on CarDekho.
Read full report",₹6.55 Lakh,"13,533 km
Below avg","EMI from ₹16,258/mo",Petrol,Automatic,1st Owner
Hyundai Alcazar Signature 6Str DCT,https://www.cardekho.com/buy-used-car-details/used-Hyundai-alcazar-signature-6str-dct-cars-Kolkata_263f5d58-89f4-4a62-a602-004cb00c5302.htm,14.58L,2023,"37,994 kms",Petrol,Automatic,"E.K.T, Kolkata","AI Expert
GREAT PRICE
1st owner, no accident, 38k km — records look solid on this Alcazar.
300-point inspection done. Warranty included.
Read full report",₹14.58 Lakh,"37,994 km","EMI from ₹36,189/mo",Petrol,Automatic,1st Owner
Toyota Corolla Altis G AT,https://www.cardekho.com/used-car-details/used-Toyota-corolla-altis-g-at-cars-Kolkata_bd646ac6-8cc3-40fd-8cbb-90e07c3ec610.htm,4.65L,2015,"47,599 kms",Petrol,Automatic,"Kalighat, Kolkata","AI Expert
GREAT PRICE
1st owner, 48k km — history looks solid on this Corolla Altis.
Toyota's reliability reputation makes it a strong long-term choice.
Read full report",₹4.65 Lakh,"47,599 km","EMI from ₹37,675/mo",Petrol,Automatic,1st Owner
Kia Carens Luxury Turbo 2022-2023,https://www.cardekho.com/used-car-details/used-Kia-carens-luxury-turbo-2022-2023-cars-Kolkata_f8343032-b0f5-4dfd-b9c0-e93794ae1b94.htm,12L,2022,"64,000 kms",Petrol,Manual,"Prince Gulam Hussain Shah Road, Poddar Nagar, Jadavpur, Kolkata","AI Expert
FAIR PRICE
1st owner, no tampering, 64k km — records look solid on this Carens.
Kia is known for a feature-rich cabin at a competitive price.
Read full report",₹12 Lakh,"64,000 km","EMI from ₹29,785/mo",Petrol,Manual,1st Owner
Volkswagen Polo 1.2 MPI Comfortline,https://www.cardekho.com/used-car-details/used-Volkswagen-polo-12-mpi-comfortline-cars-Kolkata_72ec2f1d-68f4-4538-960d-db0567a65fc8.htm?adId=30705&adType=41,2.50L,2014,"1,10,000 kms",Petrol,Manual,"Kalighat, Kolkata","AI Expert
GREAT PRICE
1st owner, no accident, 110k km — history is traceable on this Polo.
Simple to run, easy to park.
Read full report",₹2.50 Lakh,"1,10,000 km",,Petrol,Manual,1st Owner
Ford Aspire 1.2 Ti-VCT Titanium,https://www.cardekho.com/used-car-details/used-Ford-aspire-12-ti-vct-titanium-cars-Kolkata_728d824c-487c-4902-8ca8-44d9ecb37cf5.htm,2.93L,2017,"66,345 kms",Petrol,Manual,"Airport Po, Kolkata","AI Expert
GREAT PRICE
2nd owner, no accident, 66k km — papers are clean on this Aspire.
Ford exited India in 2021 — verify parts availability first.
Read full report",₹2.93 Lakh,"66,345 km","EMI from ₹9,064/mo",Petrol,Manual,2nd Owner
MG Hector Sharp DCT,https://www.cardekho.com/used-car-details/used-Mg-hector-sharp-dct-cars-Kolkata_a3e3e185-00f0-4a7f-a3a3-3ec58af54380.htm,6.99L,2019,"90,000 kms",Petrol,Automatic,"Kasba, Kolkata","AI Expert
BELOW MARKET
1st owner, 90k km — history is traceable on this Hector.
Read the full verdict before you decide.
Read full report",₹6.99 Lakh,"90,000 km","EMI from ₹17,350/mo",Petrol,Automatic,1st Owner
Mahindra XUV 3XO AX5 L Turbo AT,https://www.cardekho.com/used-car-details/used-Mahindra-xuv-3xo-ax5-l-turbo-at-cars-Kolkata_04f5d443-66e4-4c4a-8669-a368881e58b7.htm,11.49L,2026,"15,444 kms",Petrol,Automatic,"Vivekanandapur, Kolkata","AI Expert
GREAT PRICE
1st owner, 15k km on this XUV 3XO — documents are clear.
Only 15k km — lower than 92% of similar XUV 3XOs on CarDekho.
Read full report",₹11.49 Lakh,"15,444 km
Below avg","EMI from ₹28,519/mo",Petrol,Automatic,1st Owner
Mercedes-Benz A Class A180 CDI,https://www.cardekho.com/used-car-details/used-Mercedes-benz-a-class-a180-cdi-cars-Kolkata_02090b5d-84bd-4b43-be8b-5f670d1af189.htm?adId=29891&adType=41,10L,2014,"40,000 kms",Diesel,Automatic,"Gobinda Khatick Road, Kolkata","AI Expert
GREAT PRICE
2nd owner, 40k km — papers are clean on this A Class.
Simple to run, easy to park.
Read full report",₹10 Lakh,"40,000 km",,Diesel,Automatic,2nd Owner
Hyundai Grand i10 1.2 Kappa Asta,https://www.cardekho.com/used-car-details/used-Hyundai-grand-i10-12-kappa-asta-cars-Kolkata_1ce9fdf1-7f80-4ba1-b6d3-d13b269421d5.htm,3.13L,2014,"24,459 kms",Petrol,Manual,"E.K.T, Kolkata","AI Expert
GREAT PRICE
1st owner, 24k km — history looks solid on this Grand i10.
Only 24k km — lower than 80% of similar Grand i10s on CarDekho.
Read full report",₹3.13 Lakh,"24,459 km
Below avg",,Petrol,Manual,1st Owner
Mahindra Thar LX 4WD Convert Top Diesel BSVI,https://www.cardekho.com/used-car-details/used-Mahindra-thar-lx-4wd-convert-top-diesel-bsvi-cars-Kolkata_20535181-93f7-4b45-adb2-f14704143ce3.htm,9.99L,2020,"35,000 kms",Diesel,Manual,"Bhawanipore, Kolkata","AI Expert
GREAT PRICE
1st owner, no accident, 35k km — documents are clean on this Thar.
Mahindra SUVs are built for Indian roads — rugged and reliable.
Read full report",₹9.99 Lakh,"35,000 km","EMI from ₹24,796/mo",Diesel,Manual,1st Owner
MG Hector Sharp CVT,https://www.cardekho.com/used-car-details/used-Mg-hector-sharp-cvt-cars-Kolkata_1e893910-6edd-47ed-bfb0-be2630d0b22f.htm,10.50L,2022,"30,000 kms",Petrol,Automatic,"Ballygunge, Kolkata","AI Expert
BELOW MARKET
1st owner, 30k km — records look solid on this Hector.
Read the full verdict before you decide.
Read full report",₹10.50 Lakh,"30,000 km
Below avg","EMI from ₹26,062/mo",Petrol,Automatic,1st Owner
Toyota Fortuner 2.8 4WD AT BSIV,https://www.cardekho.com/used-car-details/used-Toyota-fortuner-28-4wd-at-bsiv-cars-Kolkata_7844cecd-3a1a-4233-9dc0-58be23482017.htm?adId=30843&adType=41,22L,2017,"1,20,000 kms",Diesel,Automatic,"Jodhpur Park, Kolkata","AI Expert
GREAT PRICE
1st owner, 120k km — ownership is clean on this Fortuner.
Simple to run, easy to park.
Read full report",₹22 Lakh,"1,20,000 km","EMI from ₹68,154/mo",Diesel,Automatic,1st Owner
Hyundai Alcazar Prestige Turbo 7 Seater BSVI,https://www.cardekho.com/used-car-details/used-Hyundai-alcazar-prestige-turbo-7-seater-bsvi-cars-Kolkata_b5f30bab-dd35-4a4c-877f-1ecd376b9ef1.htm,11.99L,2023,"7,520 kms",Petrol,Manual,"Entally, Kolkata","AI Expert
GREAT PRICE
1st owner, 8k km — history looks solid on this Alcazar.
Only 8k km — lower than 96% of similar Alcazars on CarDekho.
Read full report",₹11.99 Lakh,"7,520 km
Below avg","EMI from ₹29,763/mo",Petrol,Manual,1st Owner
Skoda Kushaq 1.5 TSI Ambition DSG DT,https://www.cardekho.com/used-car-details/used-Skoda-kushaq-15-tsi-ambition-dsg-dt-cars-Kolkata_8a74bcbc-f8a8-4759-9170-2cc0cde1c73d.htm,12.75L,2023,"17,000 kms",Petrol,Automatic,"Ballygunge RS, Kolkata","AI Expert
ABOVE MARKET
1st owner, 17k km — history looks solid on this Kushaq.
Skoda service is easy to find.
Read full report",₹12.75 Lakh,"17,000 km
Below avg","EMI from ₹31,646/mo",Petrol,Automatic,1st Owner
Tata Tiago XTA AMT,https://www.cardekho.com/used-car-details/used-Tata-tiago-xta-amt-cars-Kolkata_851313b3-2d1f-4370-9cc5-c00e54bc74da.htm,5L,2023,"18,000 kms",Petrol,Automatic,"Mahestala, Kolkata","AI Expert
GREAT PRICE
2nd owner, 18k km — key checks pass on this Tiago.
Only 18k km — lower than 90% of similar Tiagos on CarDekho.
Read full report",₹5 Lakh,"18,000 km
Below avg","EMI from ₹12,411/mo",Petrol,Automatic,2nd Owner
Volkswagen Polo 1.2 MPI Comfortline,https://www.cardekho.com/used-car-details/used-Volkswagen-polo-12-mpi-comfortline-cars-Kolkata_72ec2f1d-68f4-4538-960d-db0567a65fc8.htm?adId=30705&adType=41,2.50L,2014,"1,10,000 kms",Petrol,Manual,"Kalighat, Kolkata","AI Expert
GREAT PRICE
1st owner, no accident, 110k km — history is traceable on this Polo.
Simple to run, easy to park.
Read full report",₹2.50 Lakh,"1,10,000 km",,Petrol,Manual,1st Owner
Hyundai Creta SX Diesel,https://www.cardekho.com/buy-used-car-details/used-Hyundai-creta-sx-diesel-cars-Kolkata_8b908304-7e08-4046-80da-e40e77e798c6.htm,9.50L,2022,"99,981 kms",Diesel,Manual,"E.K.T, Kolkata","AI Expert
BELOW MARKET
1st owner, 100k km — history is traceable on this Creta.
300-point inspection done. Warranty included.
Read full report",₹9.50 Lakh,"99,981 km","EMI from ₹23,569/mo",Diesel,Manual,1st Owner
Maruti Suzuki Wagon R AMT VXI,https://www.cardekho.com/used-car-details/used-Maruti-wagon-r-amt-vxi-cars-Kolkata_8e2415af-1b0f-4276-8fd1-930e3ce98fdd.htm,2.85L,2019,"40,000 kms",Petrol,Automatic,"Dumdum Road, Kolkata","AI Expert
BELOW MARKET
3rd owner, no accident, 40k km — history is traceable.
Maruti service is available in almost every city and town.
Read full report",₹2.85 Lakh,"40,000 km","EMI from ₹7,074/mo",Petrol,Automatic,3rd Owner
Maruti Suzuki Alto 800 LXI,https://www.cardekho.com/used-car-details/used-Maruti-alto-800-lxi-cars-Kolkata_474f95e2-375a-422a-9551-2ae6bfaf363b.htm,2.10L,2016,"35,925 kms",Petrol,Manual,"Jairampur, Kolkata","AI Expert
GREAT PRICE
1st owner, 36k km — history looks clean on this Alto 800.
Maruti service is available in almost every city and town.
Read full report",₹2.10 Lakh,"35,925 km","EMI from ₹9,120/mo",Petrol,Manual,1st Owner
Toyota Fortuner 2.8 4WD AT BSIV,https://www.cardekho.com/used-car-details/used-Toyota-fortuner-28-4wd-at-bsiv-cars-Kolkata_7844cecd-3a1a-4233-9dc0-58be23482017.htm?adId=30843&adType=41,22L,2017,"1,20,000 kms",Diesel,Automatic,"Jodhpur Park, Kolkata","AI Expert
GREAT PRICE
1st owner, 120k km — ownership is clean on this Fortuner.
Simple to run, easy to park.
Read full report",₹22 Lakh,"1,20,000 km","EMI from ₹68,154/mo",Diesel,Automatic,1st Owner
Tata Nexon XZA Plus HS AMT,https://www.cardekho.com/used-car-details/used-Tata-nexon-xza-plus-hs-amt-cars-Kolkata_305e20d5-fc06-40d8-8f23-a4c87a92cfd4.htm,7.50L,2022,"33,000 kms",Petrol,Automatic,"Ballygunge, Kolkata","AI Expert
GREAT PRICE
1st owner, 33k km — documents are clean on this Nexon.
Nexon was the first Indian car to get a .
Read full report",₹7.50 Lakh,"33,000 km","EMI from ₹18,616/mo",Petrol,Automatic,1st Owner
Toyota Yaris J CVT BSIV,https://www.cardekho.com/used-car-details/used-Toyota-yaris-j-cvt-bsiv-cars-Kolkata_2485ac88-88c3-4dd8-87d8-a7ce8adbe5fe.htm,4.25L,2018,"26,000 kms",Petrol,Automatic,"Ballygunge, Kolkata","AI Expert
GREAT PRICE
2nd owner, 26k km, no accident on this Yaris.
Price dropped ₹40k — now at ₹4.2L.
Read full report",₹4.25 Lakh,"26,000 km","EMI from ₹10,549/mo",Petrol,Automatic,2nd Owner
Maruti Suzuki Ignis Alpha BSVI,https://www.cardekho.com/used-car-details/used-Maruti-ignis-alpha-bsvi-cars-Kolkata_4cfb4298-558b-435d-8870-a3130bc86312.htm,4L,2021,"45,787 kms",Petrol,Manual,"Airport Po, Kolkata","AI Expert
GREAT PRICE
1st owner, 46k km — history looks solid on this Ignis.
Comprehensive insurance — valid till March 2027.
Read full report",₹4 Lakh,"45,787 km","EMI from ₹9,929/mo",Petrol,Manual,1st Owner
Honda BR-V i-VTEC E MT,https://www.cardekho.com/used-car-details/used-Honda-br-v-i-vtec-e-mt-cars-Kolkata_ef38b0b8-f90c-4ad2-9446-f03843ff359c.htm?adId=28419&adType=41,5L,2017,"70,000 kms",Petrol,Manual,"Unnamed Road, Neogipara, Ashokgarh, Kolkata","AI Expert
FAIR PRICE
1st owner, no accident — 70k km is normal for this BR-V.
Honda engines are known to last well over high km.
Read full report",₹5 Lakh,"70,000 km","EMI from ₹15,490/mo",Petrol,Manual,1st Owner
Maruti Suzuki Alto 800 VXI,https://www.cardekho.com/buy-used-car-details/used-Maruti-alto-800-vxi-cars-Kolkata_5506be33-5c66-4b74-9961-b4d9e6ae4f29.htm,2.22L,2019,"92,928 kms",Petrol,Manual,"E.K.T, Kolkata","AI Expert
BELOW MARKET
1st owner, 93k km — documents are clean on this Alto 800.
300-point inspection done. Warranty included.
Read full report",₹2.22 Lakh,"92,928 km","EMI from ₹5,514/mo",Petrol,Manual,1st Owner
Maruti Suzuki Alto K10 LXI (O),https://www.cardekho.com/buy-used-car-details/used-Maruti-alto-k10-lxi-o-cars-Kolkata_8c54f598-1f33-43c6-b82e-b43610c1de39.htm,1.40L,2013,"66,801 kms",Petrol,Manual,"University, Kolkata","AI Expert
BELOW MARKET
1st owner, 67k km — history is traceable on this Alto K10.
Price dropped ₹26k — now at ₹1.4L.
Read full report",₹1.40 Lakh,"66,801 km",,Petrol,Manual,1st Owner
Hyundai Alcazar Platinum 7-Seater,https://www.cardekho.com/used-car-details/used-Hyundai-alcazar-platinum-7-seater-cars-Kolkata_451c5a3c-6cfd-4518-b111-a451f5fe93fb.htm,12.80L,2021,"50,000 kms",Petrol,Manual,"Kankurgachi, Kolkata","AI Expert
GREAT PRICE
1st owner, 50k km — key checks pass on this Alcazar.
Hyundai service is easy to find.
Read full report",₹12.80 Lakh,"50,000 km","EMI from ₹31,770/mo",Petrol,Manual,1st Owner
Mercedes-Benz AMG GLA 35 4MATIC BSVI,https://www.cardekho.com/used-car-details/used-Mercedes-benz-amg-gla-35-4matic-bsvi-cars-Kolkata_530287af-8d85-49bd-a73e-90dbfcc04fa4.htm?adId=28737&adType=41,42L,2022,"41,000 kms",Petrol,Automatic,"E.K.T, Kolkata","AI Expert
GREAT PRICE
1st owner, 41k km — key checks pass on this AMG GLA 35.
Mercedes at used-car pricing — badge, cabin, tech.
Read full report",₹42 Lakh,"41,000 km","EMI from ₹1,04,245/mo",Petrol,Automatic,1st Owner
Honda Amaze 2nd Gen VX,https://www.cardekho.com/used-car-details/used-Honda-amaze-2nd-gen-vx-cars-Kolkata_6d157572-a705-4c93-93ba-42dfefafbc27.htm,6.21L,2022,"33,104 kms",Petrol,Manual,"Airport Po, Kolkata","AI Expert
GREAT PRICE
1st owner, 33k km — records look solid on this Amaze 2nd Gen.
300-point inspection done. Warranty included.
Read full report",₹6.21 Lakh,"33,104 km
Below avg","EMI from ₹15,403/mo",Petrol,Manual,1st Owner
Hyundai Grand i10 Sportz,https://www.cardekho.com/used-car-details/used-Hyundai-grand-i10-sportz-cars-Kolkata_0fcd3627-ac07-4b37-90d9-959462cc99ad.htm,2.90L,2016,"41,363 kms",Petrol,Manual,"Beleghata, Kolkata","AI Expert
GREAT PRICE
2nd owner, 41k km — key checks pass on this Grand i10.
Hyundai has a wide service network across India.
Read full report",₹2.90 Lakh,"41,363 km
Below avg","EMI from ₹12,594/mo",Petrol,Manual,2nd Owner
Mahindra KUV 100 NXT G80 K2 Plus 6 Str,https://www.cardekho.com/buy-used-car-details/used-Mahindra-kuv-100-nxt-g80-k2-plus-6-str-cars-Kolkata_331fb149-14f5-49d7-9cbb-8970adf49819.htm,2.57L,2018,"57,106 kms",Petrol,Manual,"E.K.T, Kolkata","AI Expert
BELOW MARKET
2nd owner, 57k km — key checks pass on this KUV 100 NXT.
300-point inspection done. Warranty included.
Read full report",₹2.57 Lakh,"57,106 km","EMI from ₹6,379/mo",Petrol,Manual,2nd Owner
MG Gloster Black Storm 4x4 7Str,https://www.cardekho.com/used-car-details/used-Mg-gloster-black-storm-4x4-7str-cars-Kolkata_b6eeaea5-8059-4089-8908-e4b36160d598.htm?adId=28906&adType=41,32.50L,2024,"10,000 kms",Diesel,Automatic,"Ullaskar Datta Road, Sadapur, New Alipore, Kolkata","AI Expert
GREAT PRICE
2nd owner, 10k km on this 2024 Gloster — ownership is verified.
2 year old, only 10k km — near-new in every sense.
Read full report",₹32.50 Lakh,"10,000 km
Below avg","EMI from ₹80,666/mo",Diesel,Automatic,2nd Owner
Maruti Suzuki Alto 800 VXI,https://www.cardekho.com/used-car-details/used-Maruti-alto-800-vxi-cars-Kolkata_2c3fa743-c068-444c-9e64-a2c877536b06.htm,1.55L,2015,"56,000 kms",Petrol,Manual,"Santoshpur, Kolkata","AI Expert
BELOW MARKET
1st owner, km flagged — 56k km on this Alto 800.
Simple to run, easy to park.
Read full report",₹1.55 Lakh,"56,000 km","EMI from ₹12,559/mo",Petrol,Manual,1st Owner
Volkswagen Taigun 1.0 Topline,https://www.cardekho.com/used-car-details/used-Volkswagen-taigun-10-topline-cars-Kolkata_31b0abc9-7167-497b-8f38-e3a9c45d7b0d.htm,9.50L,2023,"41,622 kms",Petrol,Manual,"Airport Po, Kolkata","AI Expert
GREAT PRICE
2nd owner, 42k km — records look solid on this Taigun.
Comprehensive insurance — valid till March 2027.
Read full report",₹9.50 Lakh,"41,622 km","EMI from ₹23,583/mo",Petrol,Manual,2nd Owner
Hyundai Exter SX,https://www.cardekho.com/used-car-details/used-Hyundai-exter-sx-cars-Kolkata_c729673d-9782-41af-b215-9edae4b2ba78.htm,8L,2025,"10,000 kms",Petrol,Manual,Kolkata,"AI Expert
GREAT PRICE
1st owner, 10k km — documents are clear on this Exter.
1 year old, only 10k km — near-new in every sense.
Read full report",₹8 Lakh,"10,000 km
Below avg","EMI from ₹19,857/mo",Petrol,Manual,1st Owner
MG Gloster Black Storm 4x4 7Str,https://www.cardekho.com/used-car-details/used-Mg-gloster-black-storm-4x4-7str-cars-Kolkata_b6eeaea5-8059-4089-8908-e4b36160d598.htm?adId=28906&adType=41,32.50L,2024,"10,000 kms",Diesel,Automatic,"Ullaskar Datta Road, Sadapur, New Alipore, Kolkata","AI Expert
GREAT PRICE
2nd owner, 10k km on this 2024 Gloster — ownership is verified.
2 year old, only 10k km — near-new in every sense.
Read full report",₹32.50 Lakh,"10,000 km
Below avg","EMI from ₹80,666/mo",Diesel,Automatic,2nd Owner
Maruti Suzuki XL6 Alpha,https://www.cardekho.com/used-car-details/used-Maruti-xl6-alpha-cars-Kolkata_1354938b-2f61-4732-acad-c1478e264fa4.htm,7.50L,2022,"20,000 kms",Petrol,Manual,"Sector 3, Bidhannagar, Kolkata","AI Expert
FAIR PRICE
1st owner, no accident, 20k km — ownership is clean on this XL6.
Only 20k km — lower than 83% of similar XL6s on CarDekho.
Read full report",₹7.50 Lakh,"20,000 km
Below avg","EMI from ₹18,616/mo",Petrol,Manual,1st Owner
Hyundai Venue SX Opt Turbo iMT BSVI,https://www.cardekho.com/used-car-details/used-Hyundai-venue-sx-opt-turbo-imt-bsvi-cars-Kolkata_51f8f814-b24d-4d0d-890d-a182433ebc25.htm,8.25L,2023,"29,000 kms",Petrol,Manual,"Kasba, Kolkata","AI Expert
GREAT PRICE
1st owner, 29k km — history looks solid on this Venue.
Hyundai has a wide service network across India.
Read full report",₹8.25 Lakh,"29,000 km
Below avg","EMI from ₹20,477/mo",Petrol,Manual,1st Owner
Maruti Suzuki Grand Vitara Alpha,https://www.cardekho.com/used-car-details/used-Maruti-grand-vitara-alpha-cars-Kolkata_50284b9e-462b-4592-8769-76b5e1e4871c.htm,12.72L,2025,"21,377 kms",Petrol,Manual,"University, Kolkata","AI Expert
GREAT PRICE
1st owner, 21k km — papers are clean on this Grand Vitara.
Only 1 years old — near-new at used-car pricing.
Read full report",₹12.72 Lakh,"21,377 km
Below avg","EMI from ₹31,584/mo",Petrol,Manual,1st Owner
Honda City i VTEC VX,https://www.cardekho.com/used-car-details/used-Honda-city-i-vtec-vx-cars-Kolkata_d82f894e-7301-4d16-aa84-d359bc7b20df.htm?adId=33177&adType=41,3.85L,2016,"90,000 kms",Petrol,Manual,"Garia Bt, Kolkata","AI Expert
GREAT PRICE
2nd owner, 90k km on this City — records look solid.
Honda City holds strong resale value — easy to sell when you upgrade.
Read full report",₹3.85 Lakh,"90,000 km","EMI from ₹16,719/mo",Petrol,Manual,2nd Owner
Tata Harrier XZA Plus AT BSVI,https://www.cardekho.com/buy-used-car-details/used-Tata-harrier-xza-plus-at-bsvi-cars-Kolkata_6d43ece8-a248-478d-8d80-a23c710b664c.htm,10.55L,2021,"80,367 kms",Diesel,Automatic,"University, Kolkata","AI Expert
BELOW MARKET
1st owner, 80k km — records look solid on this Harrier.
Price dropped ₹51k — now at ₹10.6L.
Read full report",₹10.55 Lakh,"80,367 km","EMI from ₹26,188/mo",Diesel,Automatic,1st Owner
Hyundai i20 1.2 Asta,https://www.cardekho.com/buy-used-car-details/used-Hyundai-i20-12-asta-cars-Kolkata_0f7d0404-7f0a-4e82-a493-1de9dc0eaa29.htm,4.03L,2018,"69,904 kms",Petrol,Manual,"University, Kolkata","AI Expert
BELOW MARKET
1st owner, km flagged — key checks pass on this i20.
300-point inspection done. Warranty included.
Read full report",₹4.03 Lakh,"69,904 km","EMI from ₹9,998/mo",Petrol,Manual,1st Owner
Honda Jazz 1.5 S i DTEC,https://www.cardekho.com/used-car-details/used-Honda-jazz-15-s-i-dtec-cars-Kolkata_994f013d-cd1e-4f1c-8866-18cbae0282d3.htm,3.25L,2016,"54,000 kms",Diesel,Manual,"Kalighat, Kolkata","AI Expert
GREAT PRICE
2nd owner, 54k km — key checks pass on this Jazz.
Simple to run, easy to park.
Read full report",₹3.25 Lakh,"54,000 km","EMI from ₹14,113/mo",Diesel,Manual,2nd Owner
Mercedes-Benz AMG GLA 35 4MATIC BSVI,https://www.cardekho.com/used-car-details/used-Mercedes-benz-amg-gla-35-4matic-bsvi-cars-Kolkata_530287af-8d85-49bd-a73e-90dbfcc04fa4.htm?adId=28737&adType=41,42L,2022,"41,000 kms",Petrol,Automatic,"E.K.T, Kolkata","AI Expert
GREAT PRICE
1st owner, 41k km — key checks pass on this AMG GLA 35.
Mercedes at used-car pricing — badge, cabin, tech.
Read full report",₹42 Lakh,"41,000 km","EMI from ₹1,04,245/mo",Petrol,Automatic,1st Owner
Volkswagen Polo 1.2 MPI Comfortline,https://www.cardekho.com/used-car-details/used-Volkswagen-polo-12-mpi-comfortline-cars-Kolkata_72ec2f1d-68f4-4538-960d-db0567a65fc8.htm,2.50L,2014,"1,10,000 kms",Petrol,Manual,"Kalighat, Kolkata",,₹2.50 Lakh,"1,10,000 km",,Petrol,Manual,1st Owner
Mercedes-Benz A Class A180 CDI,https://www.cardekho.com/used-car-details/used-Mercedes-benz-a-class-a180-cdi-cars-Kolkata_02090b5d-84bd-4b43-be8b-5f670d1af189.htm,10L,2014,"40,000 kms",Diesel,Automatic,"Gobinda Khatick Road, Kolkata",,₹10 Lakh,"40,000 km",,Diesel,Automatic,2nd Owner
Toyota Fortuner 2.8 4WD AT BSIV,https://www.cardekho.com/used-car-details/used-Toyota-fortuner-28-4wd-at-bsiv-cars-Kolkata_7844cecd-3a1a-4233-9dc0-58be23482017.htm,22L,2017,"1,20,000 kms",Diesel,Automatic,"Jodhpur Park, Kolkata",,₹22 Lakh,"1,20,000 km","EMI from ₹68,154/mo",Diesel,Automatic,1st Owner
Maruti Suzuki Eeco 7 Seater STD (O),https://www.cardekho.com/used-car-details/used-Maruti-eeco-7-seater-std-o-cars-Kolkata_d57a6c0f-474d-406b-95cd-ae5484dd49d3.htm,4.50 Lakh,2022,"90,000 km",,,,,₹4.50 Lakh,"90,000 km","EMI from ₹11,170/mo",Petrol,Manual,1st Owner
Mercedes-Benz GL-Class 350 CDI Blue Efficiency,https://www.cardekho.com/used-car-details/used-Mercedes-benz-gl-class-350-cdi-blue-efficiency-cars-Kolkata_c8ac3194-07bb-4adb-ba2a-f564f25f2bee.htm,22 Lakh,2014,"1,03,000 km",,,,,₹22 Lakh,"1,03,000 km",,Diesel,Automatic,1st Owner
Maruti Suzuki Alto 800 LXI,https://www.cardekho.com/used-car-details/used-Maruti-alto-800-lxi-cars-Kolkata_474f95e2-375a-422a-9551-2ae6bfaf363b.htm,2.10 Lakh,2016,"35,925 km",,,,,₹2.10 Lakh,"35,925 km","EMI from ₹9,120/mo",Petrol,Manual,1st Owner
Maruti Suzuki Eeco 5 Seater AC BSIV,https://www.cardekho.com/used-car-details/used-Maruti-eeco-5-seater-ac-bsiv-cars-Kolkata_cc059816-2f4b-447a-963f-306d0db9d39e.htm,2.54 Lakh,2014,"10,000 km",,,,,₹2.54 Lakh,"10,000 km",,Petrol,Manual,1st Owner
Maruti Suzuki Wagon R AMT VXI,https://www.cardekho.com/used-car-details/used-Maruti-wagon-r-amt-vxi-cars-Kolkata_8e2415af-1b0f-4276-8fd1-930e3ce98fdd.htm,2.85 Lakh,2019,"40,000 km",,,,,₹2.85 Lakh,"40,000 km","EMI from ₹7,074/mo",Petrol,Automatic,3rd Owner
Maruti Suzuki Baleno Zeta,https://www.cardekho.com/used-car-details/used-Maruti-baleno-zeta-cars-Kolkata_07eb67ad-f6f9-4026-bfca-fdac9d9b490a.htm,7.47L,2025,"5,096 kms",Petrol,Manual,"University, Kolkata","AI Expert
GREAT PRICE
1st owner, 5k km — history is traceable on this Baleno.
1 year old, only 5k km — near-new in every sense.
Read full report",₹7.47 Lakh,"5,096 km
Below avg","EMI from ₹18,545/mo",Petrol,Manual,1st Owner
Hyundai Aura SX,https://www.cardekho.com/used-car-details/used-Hyundai-aura-sx-cars-Kolkata_0b95e78c-5dab-4b75-9b3e-f1a98962977c.htm,3.95L,2020,"35,000 kms",Petrol,Manual,"Kasba, Kolkata","AI Expert
BELOW MARKET
2nd owner, 35k km — records look solid on this Hyundai Aura.
Hyundai has a wide service network across India.
Read full report",₹3.95 Lakh,"35,000 km
Below avg","EMI from ₹9,804/mo",Petrol,Manual,2nd Owner
Tata Tiago XTA AMT,https://www.cardekho.com/used-car-details/used-Tata-tiago-xta-amt-cars-Kolkata_851313b3-2d1f-4370-9cc5-c00e54bc74da.htm,5L,2023,"18,000 kms",Petrol,Automatic,"Mahestala, Kolkata","AI Expert
GREAT PRICE
2nd owner, 18k km — key checks pass on this Tiago.
Only 18k km — lower than 90% of similar Tiagos on CarDekho.
Read full report",₹5 Lakh,"18,000 km
Below avg","EMI from ₹12,411/mo",Petrol,Automatic,2nd Owner
Maruti Suzuki S-Presso VXI Plus 2019-2022,https://www.cardekho.com/used-car-details/used-Maruti-s-presso-vxi-plus-2019-2022-cars-Kolkata_5060ccf9-61f3-458a-9843-7abca62c5a89.htm?adId=33175&adType=41,3.25L,2020,"32,000 kms",Petrol,Manual,"Garia Bt, Kolkata","AI Expert
GREAT PRICE
1st owner, 32k km — history is traceable on this S-Presso.
Maruti service is available in almost every .
Read full report",₹3.25 Lakh,"32,000 km","EMI from ₹8,067/mo",Petrol,Manual,1st Owner
Hyundai i10 Sportz 1.1L,https://www.cardekho.com/used-car-details/used-Hyundai-i10-sportz-11l-cars-Kolkata_1136bad9-f0c3-4471-8840-b03db864c1d1.htm,2.49L,2015,"28,145 kms",Petrol,Manual,"University, Kolkata","AI Expert
GREAT PRICE
1st owner, no accident, 28k km — papers are clean on this i10.
Price dropped ₹13k — now at ₹2.5L.
Read full report",₹2.49 Lakh,"28,145 km","EMI from ₹20,170/mo",Petrol,Manual,1st Owner
Maruti Suzuki Baleno Zeta Diesel,https://www.cardekho.com/used-car-details/used-Maruti-baleno-zeta-diesel-cars-Kolkata_022ee89f-78ba-4cf6-9daf-65eb3dd183d8.htm,3.65L,2016,"73,250 kms",Diesel,Manual,"Airport Po, Kolkata","AI Expert
BELOW MARKET
1st owner, 73k km — papers are clean on this Baleno.
300-point inspection done. Warranty included.
Read full report",₹3.65 Lakh,"73,250 km","EMI from ₹15,850/mo",Diesel,Manual,1st Owner
Hyundai Verna SX Diesel,https://www.cardekho.com/buy-used-car-details/used-Hyundai-verna-sx-diesel-cars-Kolkata_ec98e1da-9063-4fe0-9cec-ac214e07a282.htm,8.27L,2022,"19,421 kms",Diesel,Manual,"E.K.T, Kolkata","AI Expert
GREAT PRICE
1st owner, 19k km — history looks solid on this Verna.
Only 19k km — lower than 82% of similar Vernas on CarDekho.
Read full report",₹8.27 Lakh,"19,421 km
Below avg","EMI from ₹20,527/mo",Diesel,Manual,1st Owner
Skoda Kodiaq 2.0 TDI Style,https://www.cardekho.com/used-car-details/used-Skoda-kodiaq-20-tdi-style-cars-Kolkata_18ef8874-e03b-49c0-92f8-022e5b706b00.htm?adId=28060&adType=41,25L,2018,"62,000 kms",Diesel,Automatic,"Regent Estate, Kolkata","AI Expert
ABOVE MARKET
1st owner, 62k km — records look solid on this Kodiaq.
Simple to run, easy to park.
Read full report",₹25 Lakh,"62,000 km","EMI from ₹62,051/mo",Diesel,Automatic,1st Owner
Maruti Suzuki Wagon R VXI 1.2,https://www.cardekho.com/used-car-details/used-Maruti-wagon-r-vxi-12-cars-Kolkata_67d19e9f-8958-4590-bd91-368db0edf431.htm,3.59L,2018,"28,951 kms",Petrol,Manual,"E.K.T, Kolkata","AI Expert
GREAT PRICE
1st owner, 29k km — papers are clean on this Wagon R.
Comprehensive insurance — valid till April 2027.
Read full report",₹3.59 Lakh,"28,951 km
Below avg","EMI from ₹8,911/mo",Petrol,Manual,1st Owner
Tata Altroz XM plus BSVI,https://www.cardekho.com/buy-used-car-details/used-Tata-altroz-xm-plus-bsvi-cars-Kolkata_e2c5513f-310c-4ab0-a5f9-0358ba2cb918.htm,4.05L,2022,"83,213 kms",Petrol,Manual,"University, Kolkata","AI Expert
GREAT PRICE
1st owner, 83k km — records look solid on this Altroz.
Price dropped ₹3.5L — now at ₹4.1L.
Read full report",₹4.05 Lakh,"83,213 km","EMI from ₹10,062/mo",Petrol,Manual,1st Owner
Hyundai Grand i10 1.2 Kappa Sportz BSIV,https://www.cardekho.com/used-car-details/used-Hyundai-grand-i10-12-kappa-sportz-bsiv-cars-Kolkata_83e66653-5a62-4c9c-beb4-3108ed04fd85.htm,3.88L,2019,"21,755 kms",Petrol,Manual,"Airport Po, Kolkata","AI Expert
GREAT PRICE
2nd owner, 22k km — key checks are clear on this Grand i10.
Only 22k km — lower than 88% of similar Grand i10s on CarDekho.
Read full report",₹3.88 Lakh,"21,755 km
Below avg","EMI from ₹9,631/mo",Petrol,Manual,2nd Owner
Volkswagen Polo 1.2 MPI Comfortline,https://www.cardekho.com/used-car-details/used-Volkswagen-polo-12-mpi-comfortline-cars-Kolkata_72ec2f1d-68f4-4538-960d-db0567a65fc8.htm?adId=30705&adType=41,2.50L,2014,"1,10,000 kms",Petrol,Manual,"Kalighat, Kolkata","AI Expert
GREAT PRICE
1st owner, no accident, 110k km — history is traceable on this Polo.
Simple to run, easy to park.
Read full report",₹2.50 Lakh,"1,10,000 km",,Petrol,Manual,1st Owner
Chevrolet Sail 1.2 Base,https://www.cardekho.com/used-car-details/used-Chevrolet-sail-12-base-cars-Kolkata_5a8c40e0-e1f8-44aa-bf70-c3d2ea87ebe1.htm,85K,2012,"98,450 kms",Petrol,Manual,"Vivekanandapur, Kolkata","AI Expert
GREAT PRICE
1st owner, 98k km — papers are clean on this Sail.
Comprehensive insurance — valid till June 2027.
Read full report",₹85 Thousand,"98,450 km",,Petrol,Manual,1st Owner
Hyundai Creta SX,https://www.cardekho.com/used-car-details/used-Hyundai-creta-sx-cars-Kolkata_01a7ee13-0f2b-46b7-bcfb-919548960330.htm,10.99L,2023,"25,000 kms",Petrol,Manual,"J.b.s, Kolkata","AI Expert
GREAT PRICE
1st owner, 25k km — documents are clean on this Creta.
Price dropped ₹1L — now at ₹11L.
Read full report",₹10.99 Lakh,"25,000 km
Below avg","EMI from ₹27,278/mo",Petrol,Manual,1st Owner
BMW M Series M4,https://www.cardekho.com/used-car-details/used-Bmw-m-series-m4-cars-Kolkata_a7b8867a-4456-4eb3-8b8f-1922d6326b20.htm,30L,2020,"28,700 kms",Petrol,Automatic,"R.N. Mukherjee Road, Kolkata","AI Expert
GREAT PRICE
1st owner, 29k km — history is traceable on this M4.
BMW driving dynamics at used-car pricing.
Read full report",₹30 Lakh,"28,700 km","EMI from ₹74,461/mo",Petrol,Automatic,1st Owner
Toyota Fortuner 2.8 4WD AT BSIV,https://www.cardekho.com/used-car-details/used-Toyota-fortuner-28-4wd-at-bsiv-cars-Kolkata_7844cecd-3a1a-4233-9dc0-58be23482017.htm?adId=30843&adType=41,22L,2017,"1,20,000 kms",Diesel,Automatic,"Jodhpur Park, Kolkata","AI Expert
GREAT PRICE
1st owner, 120k km — ownership is clean on this Fortuner.
Simple to run, easy to park.
Read full report",₹22 Lakh,"1,20,000 km","EMI from ₹68,154/mo",Diesel,Automatic,1st Owner
Honda Amaze V Petrol,https://www.cardekho.com/used-car-details/used-Honda-amaze-v-petrol-cars-Kolkata_b45084cc-8acb-4f1d-a19c-a52219dd45ac.htm,4.99L,2021,"61,000 kms",Petrol,Manual,"Garia Bt, Kolkata","AI Expert
GREAT PRICE
1st owner, 61k km — records look solid on this Amaze.
Honda engines are known to last well over high km.
Read full report",₹4.99 Lakh,"61,000 km","EMI from ₹12,386/mo",Petrol,Manual,1st Owner
Maruti Suzuki Ertiga VDI,https://www.cardekho.com/used-car-details/used-Maruti-ertiga-vdi-cars-Kolkata_c254ffb5-145b-46c8-b1aa-ad144683af06.htm,4.50L,2013,"47,131 kms",Diesel,Manual,"Beleghata, Kolkata","AI Expert
FAIR PRICE
1st owner, 47k km — history looks solid on this Ertiga.
Maruti service is available in almost every city and town.
Read full report",₹4.50 Lakh,"47,131 km
Below avg",,Diesel,Manual,1st Owner
Skoda Kodiaq Sportline BSVI,https://www.cardekho.com/used-car-details/used-Skoda-kodiaq-sportline-bsvi-cars-Kolkata_38797120-05b1-4d85-a13f-953c0e75d23f.htm,24.49L,2022,"68,000 kms",Petrol,Automatic,"Rash Behari Avenue, Kolkata","AI Expert
GREAT PRICE
1st owner, 68k km — history is traceable on this Kodiaq.
Comprehensive insurance — valid till April 2027.
Read full report",₹24.49 Lakh,"68,000 km","EMI from ₹60,785/mo",Petrol,Automatic,1st Owner
Honda BR-V i-VTEC E MT,https://www.cardekho.com/used-car-details/used-Honda-br-v-i-vtec-e-mt-cars-Kolkata_ef38b0b8-f90c-4ad2-9446-f03843ff359c.htm?adId=28419&adType=41,5L,2017,"70,000 kms",Petrol,Manual,"Unnamed Road, Neogipara, Ashokgarh, Kolkata","AI Expert
FAIR PRICE
1st owner, no accident — 70k km is normal for this BR-V.
Honda engines are known to last well over high km.
Read full report",₹5 Lakh,"70,000 km","EMI from ₹15,490/mo",Petrol,Manual,1st Owner
Maruti Suzuki Wagon R VXI Optional,https://www.cardekho.com/used-car-details/used-Maruti-wagon-r-vxi-optional-cars-Kolkata_89cbb617-1193-44e0-8f71-b732c1f84ac9.htm,3.30L,2018,"45,000 kms",Petrol,Manual,"Jadavpur University, Kolkata","AI Expert
GREAT PRICE
1st owner, 45k km — key checks pass on this Wagon R.
Maruti service is available in almost every city and town.
Read full report",₹3.30 Lakh,"45,000 km","EMI from ₹8,191/mo",Petrol,Manual,1st Owner
Toyota Innova Crysta 2.4 G 7 STR,https://www.cardekho.com/used-car-details/used-Toyota-innova-crysta-24-g-7-str-cars-Kolkata_7c58d552-9391-42be-bc7c-263bb39bc976.htm,15L,2020,"60,000 kms",Diesel,Manual,Kolkata,"AI Expert
GREAT PRICE
2nd owner, 60k km — key checks pass on this Innova Crysta.
Toyota holds value better than most cars in India — .
Read full report",₹15 Lakh,"60,000 km","EMI from ₹37,231/mo",Diesel,Manual,2nd Owner
Audi A6 2.0 TDI Premium Plus,https://www.cardekho.com/used-car-details/used-Audi-a6-20-tdi-premium-plus-cars-Kolkata_65fa0912-6aa7-43c9-aa82-b8c9af415728.htm,8.50L,2013,"52,900 kms",Diesel,Automatic,"Salt Lake City, Kolkata","AI Expert
BELOW MARKET
1st owner, 53k km — key checks pass on this A6.
Read the full verdict before you decide.
Read full report",₹8.50 Lakh,"52,900 km",,Diesel,Automatic,1st Owner
MG Gloster Black Storm 4x4 7Str,https://www.cardekho.com/used-car-details/used-Mg-gloster-black-storm-4x4-7str-cars-Kolkata_b6eeaea5-8059-4089-8908-e4b36160d598.htm?adId=28906&adType=41,32.50L,2024,"10,000 kms",Diesel,Automatic,"Ullaskar Datta Road, Sadapur, New Alipore, Kolkata","AI Expert
GREAT PRICE
2nd owner, 10k km on this 2024 Gloster — ownership is verified.
2 year old, only 10k km — near-new in every sense.
Read full report",₹32.50 Lakh,"10,000 km
Below avg","EMI from ₹80,666/mo",Diesel,Automatic,2nd Owner
Jaguar XF 2.0 Diesel Portfolio,https://www.cardekho.com/used-car-details/used-Jaguar-xf-20-diesel-portfolio-cars-Kolkata_caa9ad63-2382-41e1-89f5-c04f9a65f224.htm,17.75L,2017,"18,000 kms",Diesel,Automatic,"Salt Lake City, Kolkata","AI Expert
GREAT PRICE
1st owner, 18k km — documents are clean on this Jaguar XF.
Only 18k km — lower than 91% of similar XFs on CarDekho.
Read full report",₹17.75 Lakh,"18,000 km
Below avg","EMI from ₹54,988/mo",Diesel,Automatic,1st Owner
Maruti Suzuki Alto 800 LXi,https://www.cardekho.com/used-car-details/used-Maruti-alto-800-lxi-cars-Kolkata_2dfa7b8b-6f7a-4f77-b818-42113eeb22c6.htm,1.34L,2013,"88,927 kms",Petrol,Manual,"Airport Po, Kolkata","AI Expert
BELOW MARKET
2nd owner, 89k km — papers are clean on this Alto 800.
300-point inspection done. Warranty included.
Read full report",₹1.34 Lakh,"88,927 km",,Petrol,Manual,2nd Owner
Mercedes-Benz GLA Class Urban Edition 200,https://www.cardekho.com/used-car-details/used-Mercedes-benz-gla-class-urban-edition-200-cars-Kolkata_678b310d-6dd1-4aeb-ab55-9663bd27aff8.htm,22.10L,2020,"12,000 kms",Petrol,Automatic,"Bhawanipore, Kolkata","AI Expert
GREAT PRICE
1st owner, 12k km — history is traceable on this GLA Class.
Only 12k km — lower than 91% of similar GLA Classs on CarDekho.
Read full report",₹22.10 Lakh,"12,000 km
Below avg","EMI from ₹54,853/mo",Petrol,Automatic,1st Owner
Mercedes-Benz AMG GLA 35 4MATIC BSVI,https://www.cardekho.com/used-car-details/used-Mercedes-benz-amg-gla-35-4matic-bsvi-cars-Kolkata_530287af-8d85-49bd-a73e-90dbfcc04fa4.htm?adId=28737&adType=41,42L,2022,"41,000 kms",Petrol,Automatic,"E.K.T, Kolkata","AI Expert
GREAT PRICE
1st owner, 41k km — key checks pass on this AMG GLA 35.
Mercedes at used-car pricing — badge, cabin, tech.
Read full report",₹42 Lakh,"41,000 km","EMI from ₹1,04,245/mo",Petrol,Automatic,1st Owner
Honda CR-V Petrol 2WD,https://www.cardekho.com/used-car-details/used-Honda-cr-v-petrol-2wd-cars-Kolkata_09655c8c-3b85-4d14-a537-a1c08e8a1342.htm,16L,2019,"60,000 kms",Petrol,Automatic,"Central Park, Bidhannagar, Kolkata","AI Expert
GREAT PRICE
2nd owner, 60k km — key checks pass on this CR-V.
Honda engines are known to last well over high km.
Read full report",₹16 Lakh,"60,000 km","EMI from ₹39,713/mo",Petrol,Automatic,2nd Owner
Mahindra Scorpio S5,https://www.cardekho.com/used-car-details/used-Mahindra-scorpio-s5-cars-Kolkata_12f2a5b0-c4c9-4472-af56-8298707f428e.htm,12L,2021,"72,000 kms",Diesel,Manual,"Jadavpur University, Kolkata","AI Expert
GREAT PRICE
1st owner, 72k km — papers are clean on this Scorpio.
Scorpio holds strong resale value — high demand in the used market.
Read full report",₹12 Lakh,"72,000 km","EMI from ₹29,785/mo",Diesel,Manual,1st Owner
Porsche Cayenne Diesel,https://www.cardekho.com/used-car-details/used-Porsche-cayenne-diesel-cars-Kolkata_ba04cca0-fb2b-4c19-b903-b810724252fc.htm,39.50L,2017,"60,000 kms",Diesel,Automatic,"Salt Lake City, Kolkata","AI Expert
BELOW MARKET
1st owner, 60k km — documents are clean on this Cayenne.
Cayenne combines Porsche performance with genuine SUV practicality.
Read full report",₹39.50 Lakh,"60,000 km
Below avg","EMI from ₹1,22,367/mo",Diesel,Automatic,1st Owner
Mercedes-Benz GLA 200 BSVI,https://www.cardekho.com/used-car-details/used-Mercedes-benz-gla-200-bsvi-cars-Kolkata_8f8308d9-0f40-4f06-8daa-cb1787a641ba.htm?adId=28056&adType=41,29.50L,2021,"17,000 kms",Petrol,Automatic,"Parnasree Pally, Kolkata","AI Expert
BELOW MARKET
2nd owner, 17k km — documents are clean on this GLA.
₹2.6L below what similar GLAs sell for.
Read full report",₹29.50 Lakh,"17,000 km
Below avg","EMI from ₹73,220/mo",Petrol,Automatic,2nd Owner
Jeep Compass 2.0 Limited Opt Diesel BSVI,https://www.cardekho.com/used-car-details/used-Jeep-compass-20-limited-opt-diesel-bsvi-cars-Kolkata_adec372b-7af0-45e3-ac59-1ed2dd8e4c3c.htm,10.50L,2021,"1,15,000 kms",Diesel,Manual,Kolkata,"AI Expert
GREAT PRICE
2nd owner, 115k km, no accident — key checks pass on this Compass.
Jeep Compass brings genuine off-road capability to the SUV space.
Read full report",₹10.50 Lakh,"1,15,000 km","EMI from ₹26,062/mo",Diesel,Manual,2nd Owner
Tata Nexon 1.2 Revotron XM,https://www.cardekho.com/buy-used-car-details/used-Tata-nexon-12-revotron-xm-cars-Kolkata_6e4416c2-b764-4084-b61a-e3f8a98007d6.htm,3.24L,2018,"1,29,921 kms",Petrol,Manual,"University, Kolkata","AI Expert
GREAT PRICE
1st owner, no accident, 130k km — ownership is clean on this Nexon.
Price dropped ₹1.6L — now at ₹3.2L.
Read full report",₹3.24 Lakh,"1,29,921 km","EMI from ₹8,046/mo",Petrol,Manual,1st Owner
Maruti Suzuki Wagon R AMT VXI,https://www.cardekho.com/used-car-details/used-Maruti-wagon-r-amt-vxi-cars-Kolkata_8e2415af-1b0f-4276-8fd1-930e3ce98fdd.htm,2.85L,2019,"40,000 kms",Petrol,Automatic,"Dumdum Road, Kolkata","AI Expert
BELOW MARKET
3rd owner, no accident, 40k km — history is traceable.
Maruti service is available in almost every city and town.
Read full report",₹2.85 Lakh,"40,000 km","EMI from ₹7,074/mo",Petrol,Automatic,3rd Owner
Kia Seltos HTX IVT,https://www.cardekho.com/used-car-details/used-Kia-seltos-htx-ivt-cars-Kolkata_bec4df32-4c79-437c-83d4-915bddbb11e9.htm?adId=28712&adType=41,11L,2023,"15,807 kms",Petrol,Automatic,"Rabindra Nagar, Kolkata","AI Expert
GREAT PRICE
1st owner, 16k km — history is traceable on this Seltos.
Only 16k km — lower than 86% of similar Seltoss on CarDekho.
Read full report",₹11 Lakh,"15,807 km
Below avg","EMI from ₹27,303/mo",Petrol,Automatic,1st Owner
MG Hector Sharp AT BSIV,https://www.cardekho.com/used-car-details/used-Mg-hector-sharp-at-bsiv-cars-Kolkata_9b956d93-d708-4d6f-b1aa-cc829001df41.htm,10.50L,2021,"60,400 kms",Petrol,Automatic,"Alipore Mint Colony, Alipore, Kolkata","AI Expert
GREAT PRICE
1st owner, 60k km — papers are clean on this Hector.
Read the full verdict before you decide.
Read full report",₹10.50 Lakh,"60,400 km","EMI from ₹26,062/mo",Petrol,Automatic,1st Owner
Hyundai EON Era,https://www.cardekho.com/used-car-details/used-Hyundai-eon-era-cars-Kolkata_4429b694-5771-4ea8-9cf7-a29a1cfb61bc.htm,1.50L,2012,"40,569 kms",Petrol,Manual,"Beleghata, Kolkata","AI Expert
GREAT PRICE
2nd owner, 41k km on this EON — papers are clean overall.
Comprehensive insurance — valid till June 2027.
Read full report",₹1.50 Lakh,"40,569 km",,Petrol,Manual,2nd Owner
Hyundai Xcent 1.2 CRDi SX,https://www.cardekho.com/used-car-details/used-Hyundai-xcent-12-crdi-sx-cars-Kolkata_ad59ed47-964d-417c-a119-d8e2eb0ba4b2.htm,3.30L,2018,"45,000 kms",Diesel,Manual,"Ballygunge, Kolkata","AI Expert
GREAT PRICE
2nd owner, 45k km — records look solid on this Xcent.
Simple to run, easy to park.
Read full report",₹3.30 Lakh,"45,000 km
Below avg","EMI from ₹8,191/mo",Diesel,Manual,2nd Owner
Hyundai Grand i10 1.2 Kappa Sportz BSIV,https://www.cardekho.com/used-car-details/used-Hyundai-grand-i10-12-kappa-sportz-bsiv-cars-Kolkata_0871bc57-d3b5-4a48-95e8-3812106acc9e.htm?adId=27950&adType=41,3.50L,2017,"75,000 kms",Petrol,Manual,"Salt Lake City, Kolkata","AI Expert
GREAT PRICE
1st owner, 75k km — key checks pass on this Grand i10.
Hyundai has a wide service network across India.
Read full report",₹3.50 Lakh,"75,000 km","EMI from ₹10,843/mo",Petrol,Manual,1st Owner
Hyundai Creta SX IVT,https://www.cardekho.com/used-car-details/used-Hyundai-creta-sx-ivt-cars-Kolkata_3dd1430f-c99c-47f7-b411-98fd7faba4e4.htm,11.99L,2023,"32,000 kms",Petrol,Automatic,"J.b.s, Kolkata","AI Expert
GREAT PRICE
1st owner, 32k km — papers are clean on this Creta.
Price dropped ₹1L — now at ₹12L.
Read full report",₹11.99 Lakh,"32,000 km","EMI from ₹29,760/mo",Petrol,Automatic,1st Owner
Nissan Magnite XV,https://www.cardekho.com/used-car-details/used-Nissan-magnite-xv-cars-Kolkata_87b45bed-1179-4e07-a92e-b4215afa91a1.htm,4.61L,2022,"33,606 kms",Petrol,Manual,"E.K.T, Kolkata","AI Expert
GREAT PRICE
2nd owner, 34k km — papers are clean on this Magnite.
300-point inspection done. Warranty included.
Read full report",₹4.61 Lakh,"33,606 km
Below avg","EMI from ₹11,446/mo",Petrol,Manual,2nd Owner
Volkswagen Polo Petrol Comfortline 1.2L,https://www.cardekho.com/used-car-details/used-Volkswagen-polo-petrol-comfortline-12l-cars-Kolkata_c724197b-6b26-497e-beb6-268182640bdd.htm,2.52L,2013,"41,290 kms",Petrol,Manual,"E.K.T, Kolkata","AI Expert
GREAT PRICE
2nd owner, 41k km — records look solid on this Polo.
300-point inspection done. Warranty included.
Read full report",₹2.52 Lakh,"41,290 km
Below avg",,Petrol,Manual,2nd Owner
Honda Amaze S Petrol BSIV,https://www.cardekho.com/used-car-details/used-Honda-amaze-s-petrol-bsiv-cars-Kolkata_f8cf2a2d-8696-4221-ae70-1788c8265589.htm?adId=27470&adType=41,4.50L,2019,"66,000 kms",Petrol,Manual,"A.J.C.Bose Road, Kolkata","AI Expert
GREAT PRICE
1st owner, no odometer tampering — 66k km on this Amaze.
Honda engines are known to last well over high km.
Read full report",₹4.50 Lakh,"66,000 km","EMI from ₹11,170/mo",Petrol,Manual,1st Owner
Hyundai Creta 1.6 VTVT SX Plus,https://www.cardekho.com/used-car-details/used-Hyundai-creta-16-vtvt-sx-plus-cars-Kolkata_fd420bf6-5e83-4e01-b8f9-0a9df8ad0c66.htm,6.50L,2017,"10,000 kms",Petrol,Manual,Kolkata,"AI Expert
GREAT PRICE
1st owner, 10k km — documents are clean on this Creta.
Only 10k km — lower than 90% of similar Cretas on CarDekho.
Read full report",₹6.50 Lakh,"10,000 km
Below avg","EMI from ₹20,137/mo",Petrol,Manual,1st Owner
Volkswagen Polo GT TSI,https://www.cardekho.com/used-car-details/used-Volkswagen-polo-gt-tsi-cars-Kolkata_9ab83b9b-68e0-4cbc-9200-16c071ad07b8.htm,5.99L,2019,"39,000 kms",Petrol,Automatic,"Rash Behari Avenue, Kolkata","AI Expert
GREAT PRICE
1st owner, 39k km — ownership is clean on this Polo GT TSI.
Comprehensive insurance — valid till February 2027.
Read full report",₹5.99 Lakh,"39,000 km
Below avg","EMI from ₹14,868/mo",Petrol,Automatic,1st Owner
Datsun RediGO T Option,https://www.cardekho.com/buy-used-car-details/used-Datsun-redigo-t-option-cars-Kolkata_d88c5862-209f-434f-b563-1457286c284a.htm,1.70L,2017,"64,883 kms",Petrol,Manual,"Airport Po, Kolkata","AI Expert
BELOW MARKET
2nd owner, 65k km — papers are clean on this RediGO.
Comprehensive insurance — valid till March 2027.
Read full report",₹1.70 Lakh,"64,883 km","EMI from ₹5,267/mo",Petrol,Manual,2nd Owner
Maruti Suzuki Ciaz Alpha Automatic BSIV,https://www.cardekho.com/used-car-details/used-Maruti-ciaz-alpha-automatic-bsiv-cars-Kolkata_d59aff4b-58f3-4212-b201-71e7085e6e15.htm?adId=28087&adType=41,6.10L,2017,"40,000 kms",Petrol,Automatic,"Behala, Kolkata","AI Expert
ABOVE MARKET
1st owner, 40k km, odometer is verified on this Ciaz.
Maruti service is available in almost every city and town.
Read full report",₹6.10 Lakh,"40,000 km
Below avg","EMI from ₹18,898/mo",Petrol,Automatic,1st Owner
Maruti Suzuki Swift AMT VXI,https://www.cardekho.com/used-car-details/used-Maruti-swift-amt-vxi-cars-Kolkata_c2fd900f-25db-46e9-8bfa-4d5cd51e0031.htm,3.75L,2019,"50,500 kms",Petrol,Automatic,Kolkata,"AI Expert
BELOW MARKET
2nd owner, 50k km on this Swift — key checks pass.
Simple to run, easy to park.
Read full report",₹3.75 Lakh,"50,500 km","EMI from ₹9,308/mo",Petrol,Automatic,2nd Owner
Maruti Suzuki Alto 800 LXI,https://www.cardekho.com/used-car-details/used-Maruti-alto-800-lxi-cars-Kolkata_fb9cc711-1e9a-4c53-bdd9-9c53b607e100.htm,2.55L,2019,"41,000 kms",Petrol,Manual,"Garia Bt, Kolkata","AI Expert
GREAT PRICE
1st owner, 41k km — ownership looks clean on this Alto 800.
Maruti service is available in almost every city and town.
Read full report",₹2.55 Lakh,"41,000 km","EMI from ₹6,330/mo",Petrol,Manual,1st Owner
Maruti Suzuki Ignis Zeta AMT BSVI,https://www.cardekho.com/used-car-details/used-Maruti-ignis-zeta-amt-bsvi-cars-Kolkata_50e569dd-2a01-47ac-a557-56b2fd0d75c6.htm,5.25L,2022,"30,000 kms",Petrol,Automatic,"Ballygunge, Kolkata","AI Expert
GREAT PRICE
1st owner, 30k km — documents are clean on this Ignis.
Maruti service is available in almost every city and town.
Read full report",₹5.25 Lakh,"30,000 km
Below avg","EMI from ₹13,031/mo",Petrol,Automatic,1st Owner
